0 verbose cli /opt/homebrew/Cellar/node/23.11.0/bin/node /opt/homebrew/bin/npm
1 info using npm@10.9.2
2 info using node@v23.11.0
3 silly config load:file:/opt/homebrew/lib/node_modules/npm/npmrc
4 silly config load:file:/Users/arpitmishra/Desktop/StockTracker/.npmrc
5 silly config load:file:/Users/arpitmishra/.npmrc
6 silly config load:file:/opt/homebrew/etc/npmrc
7 verbose title npm install eslint-plugin-react
8 verbose argv "install" "--save-dev" "eslint-plugin-react"
9 verbose logfile logs-max:10 dir:/Users/arpitmishra/Desktop/StockTracker/.npm-cache/_logs/2025-11-14T07_09_03_669Z-
10 verbose logfile /Users/arpitmishra/Desktop/StockTracker/.npm-cache/_logs/2025-11-14T07_09_03_669Z-debug-0.log
11 silly logfile done cleaning log files
12 silly packumentCache heap:2197815296 maxSize:549453824 maxEntrySize:274726912
13 silly idealTree buildDeps
14 silly fetch manifest eslint-plugin-react@*
15 silly packumentCache full:https://registry.npmjs.org/eslint-plugin-react cache-miss
16 verbose shrinkwrap failed to load node_modules/.package-lock.json out of date, updated: node_modules
17 http fetch GET 200 https://registry.npmjs.org/eslint-plugin-react 226ms (cache miss)
18 silly packumentCache full:https://registry.npmjs.org/eslint-plugin-react set size:undefined disposed:false
19 silly fetch manifest eslint@^9.39.1
20 silly packumentCache full:https://registry.npmjs.org/eslint cache-miss
21 http fetch GET 200 https://registry.npmjs.org/eslint 60ms (cache revalidated)
22 silly packumentCache full:https://registry.npmjs.org/eslint set size:1873302 disposed:false
23 silly fetch manifest jiti@*
24 silly packumentCache full:https://registry.npmjs.org/jiti cache-miss
25 http fetch GET 200 https://registry.npmjs.org/jiti 49ms (cache revalidated)
26 silly packumentCache full:https://registry.npmjs.org/jiti set size:382310 disposed:false
27 silly placeDep ROOT eslint-plugin-react@7.37.5 OK for: stocktracker@1.0.0 want: *
28 silly fetch manifest array-includes@^3.1.8
29 silly packumentCache full:https://registry.npmjs.org/array-includes cache-miss
30 silly fetch manifest array.prototype.findlast@^1.2.5
31 silly packumentCache full:https://registry.npmjs.org/array.prototype.findlast cache-miss
32 silly fetch manifest array.prototype.flatmap@^1.3.3
33 silly packumentCache full:https://registry.npmjs.org/array.prototype.flatmap cache-miss
34 silly fetch manifest array.prototype.tosorted@^1.1.4
35 silly packumentCache full:https://registry.npmjs.org/array.prototype.tosorted cache-miss
36 silly fetch manifest doctrine@^2.1.0
37 silly packumentCache full:https://registry.npmjs.org/doctrine cache-miss
38 silly fetch manifest es-iterator-helpers@^1.2.1
39 silly packumentCache full:https://registry.npmjs.org/es-iterator-helpers cache-miss
40 silly fetch manifest jsx-ast-utils@^2.4.1 || ^3.0.0
41 silly packumentCache full:https://registry.npmjs.org/jsx-ast-utils cache-miss
42 http fetch GET 200 https://registry.npmjs.org/jsx-ast-utils 150ms (cache miss)
43 silly packumentCache full:https://registry.npmjs.org/jsx-ast-utils set size:undefined disposed:false
44 silly fetch manifest object.entries@^1.1.9
45 silly packumentCache full:https://registry.npmjs.org/object.entries cache-miss
46 http fetch GET 200 https://registry.npmjs.org/array.prototype.tosorted 181ms (cache miss)
47 silly packumentCache full:https://registry.npmjs.org/array.prototype.tosorted set size:undefined disposed:false
48 silly fetch manifest object.fromentries@^2.0.8
49 silly packumentCache full:https://registry.npmjs.org/object.fromentries cache-miss
50 http fetch GET 200 https://registry.npmjs.org/array.prototype.flatmap 194ms (cache miss)
51 silly packumentCache full:https://registry.npmjs.org/array.prototype.flatmap set size:undefined disposed:false
52 silly fetch manifest object.values@^1.2.1
53 silly packumentCache full:https://registry.npmjs.org/object.values cache-miss
54 http fetch GET 200 https://registry.npmjs.org/doctrine 197ms (cache miss)
55 silly packumentCache full:https://registry.npmjs.org/doctrine set size:undefined disposed:false
56 silly fetch manifest prop-types@^15.8.1
57 silly packumentCache full:https://registry.npmjs.org/prop-types cache-miss
58 http fetch GET 200 https://registry.npmjs.org/es-iterator-helpers 199ms (cache miss)
59 silly packumentCache full:https://registry.npmjs.org/es-iterator-helpers set size:undefined disposed:false
60 silly fetch manifest resolve@^2.0.0-next.5
61 silly packumentCache full:https://registry.npmjs.org/resolve cache-miss
62 http fetch GET 200 https://registry.npmjs.org/object.entries 61ms (cache miss)
63 silly packumentCache full:https://registry.npmjs.org/object.entries set size:undefined disposed:false
64 silly fetch manifest string.prototype.matchall@^4.0.12
65 silly packumentCache full:https://registry.npmjs.org/string.prototype.matchall cache-miss
66 http fetch GET 200 https://registry.npmjs.org/object.fromentries 65ms (cache miss)
67 silly packumentCache full:https://registry.npmjs.org/object.fromentries set size:undefined disposed:false
68 silly fetch manifest string.prototype.repeat@^1.0.0
69 silly packumentCache full:https://registry.npmjs.org/string.prototype.repeat cache-miss
70 http fetch GET 200 https://registry.npmjs.org/array-includes 251ms (cache miss)
71 silly packumentCache full:https://registry.npmjs.org/array-includes set size:undefined disposed:false
72 http fetch GET 200 https://registry.npmjs.org/prop-types 61ms (cache miss)
73 silly packumentCache full:https://registry.npmjs.org/prop-types set size:undefined disposed:false
74 http fetch GET 200 https://registry.npmjs.org/string.prototype.matchall 48ms (cache miss)
75 silly packumentCache full:https://registry.npmjs.org/string.prototype.matchall set size:undefined disposed:false
76 http fetch GET 200 https://registry.npmjs.org/resolve 74ms (cache miss)
77 silly packumentCache full:https://registry.npmjs.org/resolve set size:undefined disposed:false
78 http fetch GET 200 https://registry.npmjs.org/object.values 107ms (cache miss)
79 silly packumentCache full:https://registry.npmjs.org/object.values set size:undefined disposed:false
80 http fetch GET 200 https://registry.npmjs.org/string.prototype.repeat 57ms (cache miss)
81 silly packumentCache full:https://registry.npmjs.org/string.prototype.repeat set size:undefined disposed:false
82 http fetch GET 200 https://registry.npmjs.org/array.prototype.findlast 886ms (cache miss)
83 silly packumentCache full:https://registry.npmjs.org/array.prototype.findlast set size:undefined disposed:false
84 silly placeDep ROOT array-includes@3.1.9 OK for: eslint-plugin-react@7.37.5 want: ^3.1.8
85 silly placeDep ROOT array.prototype.findlast@1.2.5 OK for: eslint-plugin-react@7.37.5 want: ^1.2.5
86 silly placeDep ROOT array.prototype.flatmap@1.3.3 OK for: eslint-plugin-react@7.37.5 want: ^1.3.3
87 silly placeDep ROOT array.prototype.tosorted@1.1.4 OK for: eslint-plugin-react@7.37.5 want: ^1.1.4
88 silly placeDep ROOT doctrine@2.1.0 OK for: eslint-plugin-react@7.37.5 want: ^2.1.0
89 silly placeDep ROOT es-iterator-helpers@1.2.1 OK for: eslint-plugin-react@7.37.5 want: ^1.2.1
90 silly placeDep ROOT jsx-ast-utils@3.3.5 OK for: eslint-plugin-react@7.37.5 want: ^2.4.1 || ^3.0.0
91 silly placeDep ROOT object.entries@1.1.9 OK for: eslint-plugin-react@7.37.5 want: ^1.1.9
92 silly placeDep ROOT object.fromentries@2.0.8 OK for: eslint-plugin-react@7.37.5 want: ^2.0.8
93 silly placeDep ROOT object.values@1.2.1 OK for: eslint-plugin-react@7.37.5 want: ^1.2.1
94 silly placeDep ROOT prop-types@15.8.1 OK for: eslint-plugin-react@7.37.5 want: ^15.8.1
95 silly placeDep ROOT resolve@2.0.0-next.5 OK for: eslint-plugin-react@7.37.5 want: ^2.0.0-next.5
96 silly placeDep ROOT string.prototype.matchall@4.0.12 OK for: eslint-plugin-react@7.37.5 want: ^4.0.12
97 silly placeDep ROOT string.prototype.repeat@1.0.0 OK for: eslint-plugin-react@7.37.5 want: ^1.0.0
98 silly fetch manifest call-bind@^1.0.8
99 silly packumentCache full:https://registry.npmjs.org/call-bind cache-miss
100 silly fetch manifest call-bound@^1.0.4
101 silly packumentCache full:https://registry.npmjs.org/call-bound cache-miss
102 silly fetch manifest define-properties@^1.2.1
103 silly packumentCache full:https://registry.npmjs.org/define-properties cache-miss
104 silly fetch manifest es-abstract@^1.24.0
105 silly packumentCache full:https://registry.npmjs.org/es-abstract cache-miss
106 silly fetch manifest is-string@^1.1.1
107 silly packumentCache full:https://registry.npmjs.org/is-string cache-miss
108 silly fetch manifest call-bind@^1.0.7
109 silly packumentCache full:https://registry.npmjs.org/call-bind cache-miss
110 silly fetch manifest define-properties@^1.2.1
111 silly packumentCache full:https://registry.npmjs.org/define-properties cache-miss
112 http fetch GET 200 https://registry.npmjs.org/es-abstract 56ms (cache miss)
113 silly packumentCache full:https://registry.npmjs.org/es-abstract set size:undefined disposed:false
114 silly fetch manifest es-abstract@^1.23.2
115 silly packumentCache full:https://registry.npmjs.org/es-abstract cache-miss
116 http cache https://registry.npmjs.org/es-abstract 3ms (cache hit)
117 silly packumentCache full:https://registry.npmjs.org/es-abstract set size:373045 disposed:false
118 silly fetch manifest es-shim-unscopables@^1.0.2
119 silly packumentCache full:https://registry.npmjs.org/es-shim-unscopables cache-miss
120 http fetch GET 200 https://registry.npmjs.org/call-bound 86ms (cache miss)
121 silly packumentCache full:https://registry.npmjs.org/call-bound set size:undefined disposed:false
122 silly fetch manifest call-bind@^1.0.8
123 silly packumentCache full:https://registry.npmjs.org/call-bind cache-miss
124 http fetch GET 200 https://registry.npmjs.org/is-string 87ms (cache miss)
125 silly packumentCache full:https://registry.npmjs.org/is-string set size:undefined disposed:false
126 silly fetch manifest define-properties@^1.2.1
127 silly packumentCache full:https://registry.npmjs.org/define-properties cache-miss
128 http fetch GET 200 https://registry.npmjs.org/define-properties 89ms (cache miss)
129 silly packumentCache full:https://registry.npmjs.org/define-properties set size:undefined disposed:false
130 silly fetch manifest es-abstract@^1.23.5
131 silly packumentCache full:https://registry.npmjs.org/es-abstract cache-hit
132 silly fetch manifest es-shim-unscopables@^1.0.2
133 silly packumentCache full:https://registry.npmjs.org/es-shim-unscopables cache-miss
134 http fetch GET 200 https://registry.npmjs.org/define-properties 91ms (cache miss)
135 silly packumentCache full:https://registry.npmjs.org/define-properties set size:undefined disposed:false
136 silly fetch manifest call-bind@^1.0.7
137 silly packumentCache full:https://registry.npmjs.org/call-bind cache-miss
138 http fetch GET 200 https://registry.npmjs.org/call-bind 93ms (cache miss)
139 silly packumentCache full:https://registry.npmjs.org/call-bind set size:undefined disposed:false
140 silly fetch manifest es-abstract@^1.23.3
141 silly packumentCache full:https://registry.npmjs.org/es-abstract cache-hit
142 silly fetch manifest es-shim-unscopables@^1.0.2
143 silly packumentCache full:https://registry.npmjs.org/es-shim-unscopables cache-miss
144 http fetch GET 200 https://registry.npmjs.org/call-bind 96ms (cache miss)
145 silly packumentCache full:https://registry.npmjs.org/call-bind set size:undefined disposed:false
146 silly fetch manifest call-bound@^1.0.3
147 silly packumentCache full:https://registry.npmjs.org/call-bound cache-miss
148 http cache https://registry.npmjs.org/define-properties 11ms (cache hit)
149 silly packumentCache full:https://registry.npmjs.org/define-properties set size:31491 disposed:false
150 silly fetch manifest es-abstract@^1.23.6
151 silly packumentCache full:https://registry.npmjs.org/es-abstract cache-hit
152 silly fetch manifest globalthis@^1.0.4
153 silly packumentCache full:https://registry.npmjs.org/globalthis cache-miss
154 http cache https://registry.npmjs.org/call-bound 6ms (cache hit)
155 silly packumentCache full:https://registry.npmjs.org/call-bound set size:15317 disposed:false
156 silly fetch manifest has-property-descriptors@^1.0.2
157 silly packumentCache full:https://registry.npmjs.org/has-property-descriptors cache-miss
158 http fetch GET 200 https://registry.npmjs.org/es-shim-unscopables 51ms (cache miss)
159 silly packumentCache full:https://registry.npmjs.org/es-shim-unscopables set size:undefined disposed:false
160 silly fetch manifest has-proto@^1.2.0
161 silly packumentCache full:https://registry.npmjs.org/has-proto cache-miss
162 http fetch GET 200 https://registry.npmjs.org/es-shim-unscopables 49ms (cache miss)
163 silly packumentCache full:https://registry.npmjs.org/es-shim-unscopables set size:undefined disposed:false
164 silly fetch manifest internal-slot@^1.1.0
165 silly packumentCache full:https://registry.npmjs.org/internal-slot cache-miss
166 http fetch GET 200 https://registry.npmjs.org/es-shim-unscopables 59ms (cache miss)
167 silly packumentCache full:https://registry.npmjs.org/es-shim-unscopables set size:undefined disposed:false
168 silly fetch manifest iterator.prototype@^1.1.4
169 silly packumentCache full:https://registry.npmjs.org/iterator.prototype cache-miss
170 http fetch GET 200 https://registry.npmjs.org/call-bind 67ms (cache miss)
171 silly packumentCache full:https://registry.npmjs.org/call-bind set size:undefined disposed:false
172 silly fetch manifest safe-array-concat@^1.1.3
173 silly packumentCache full:https://registry.npmjs.org/safe-array-concat cache-miss
174 http fetch GET 200 https://registry.npmjs.org/call-bind 72ms (cache miss)
175 silly packumentCache full:https://registry.npmjs.org/call-bind set size:undefined disposed:false
176 silly fetch manifest array.prototype.flat@^1.3.1
177 silly packumentCache full:https://registry.npmjs.org/array.prototype.flat cache-miss
178 http fetch GET 200 https://registry.npmjs.org/has-proto 54ms (cache miss)
179 silly packumentCache full:https://registry.npmjs.org/has-proto set size:undefined disposed:false
180 silly fetch manifest object.assign@^4.1.4
181 silly packumentCache full:https://registry.npmjs.org/object.assign cache-miss
182 http fetch GET 200 https://registry.npmjs.org/has-property-descriptors 74ms (cache miss)
183 silly packumentCache full:https://registry.npmjs.org/has-property-descriptors set size:undefined disposed:false
184 silly fetch manifest object.values@^1.1.6
185 silly packumentCache full:https://registry.npmjs.org/object.values cache-miss
186 http fetch GET 200 https://registry.npmjs.org/globalthis 77ms (cache miss)
187 silly packumentCache full:https://registry.npmjs.org/globalthis set size:undefined disposed:false
188 silly fetch manifest loose-envify@^1.4.0
189 silly packumentCache full:https://registry.npmjs.org/loose-envify cache-miss
190 http cache https://registry.npmjs.org/object.values 5ms (cache hit)
191 silly packumentCache full:https://registry.npmjs.org/object.values set size:49009 disposed:false
192 silly fetch manifest object-assign@^4.1.1
193 silly packumentCache full:https://registry.npmjs.org/object-assign cache-miss
194 http fetch GET 200 https://registry.npmjs.org/internal-slot 56ms (cache miss)
195 silly packumentCache full:https://registry.npmjs.org/internal-slot set size:undefined disposed:false
196 silly fetch manifest react-is@^16.13.1
197 silly packumentCache full:https://registry.npmjs.org/react-is cache-miss
198 http fetch GET 200 https://registry.npmjs.org/safe-array-concat 63ms (cache miss)
199 silly packumentCache full:https://registry.npmjs.org/safe-array-concat set size:undefined disposed:false
200 silly fetch manifest path-parse@^1.0.7
201 silly packumentCache full:https://registry.npmjs.org/path-parse cache-miss
202 http fetch GET 200 https://registry.npmjs.org/array.prototype.flat 53ms (cache miss)
203 silly packumentCache full:https://registry.npmjs.org/array.prototype.flat set size:undefined disposed:false
204 silly fetch manifest is-core-module@^2.13.0
205 silly packumentCache full:https://registry.npmjs.org/is-core-module cache-miss
206 http fetch GET 200 https://registry.npmjs.org/iterator.prototype 76ms (cache miss)
207 silly packumentCache full:https://registry.npmjs.org/iterator.prototype set size:undefined disposed:false
208 silly fetch manifest supports-preserve-symlinks-flag@^1.0.0
209 silly packumentCache full:https://registry.npmjs.org/supports-preserve-symlinks-flag cache-miss
210 http fetch GET 200 https://registry.npmjs.org/object.assign 58ms (cache miss)
211 silly packumentCache full:https://registry.npmjs.org/object.assign set size:undefined disposed:false
212 silly fetch manifest regexp.prototype.flags@^1.5.3
213 silly packumentCache full:https://registry.npmjs.org/regexp.prototype.flags cache-miss
214 http fetch GET 200 https://registry.npmjs.org/loose-envify 59ms (cache miss)
215 silly packumentCache full:https://registry.npmjs.org/loose-envify set size:undefined disposed:false
216 silly fetch manifest set-function-name@^2.0.2
217 silly packumentCache full:https://registry.npmjs.org/set-function-name cache-miss
218 http fetch GET 200 https://registry.npmjs.org/object-assign 62ms (cache miss)
219 silly packumentCache full:https://registry.npmjs.org/object-assign set size:undefined disposed:false
220 silly fetch manifest side-channel@^1.1.0
221 silly packumentCache full:https://registry.npmjs.org/side-channel cache-miss
222 http fetch GET 200 https://registry.npmjs.org/react-is 56ms (cache revalidated)
223 silly packumentCache full:https://registry.npmjs.org/react-is set size:5076913 disposed:false
224 silly fetch manifest define-properties@^1.1.3
225 silly packumentCache full:https://registry.npmjs.org/define-properties cache-hit
226 silly fetch manifest es-abstract@^1.17.5
227 silly packumentCache full:https://registry.npmjs.org/es-abstract cache-hit
228 http fetch GET 200 https://registry.npmjs.org/is-core-module 59ms (cache miss)
229 silly packumentCache full:https://registry.npmjs.org/is-core-module set size:undefined disposed:false
230 http fetch GET 200 https://registry.npmjs.org/path-parse 66ms (cache miss)
231 silly packumentCache full:https://registry.npmjs.org/path-parse set size:undefined disposed:false
232 http fetch GET 200 https://registry.npmjs.org/regexp.prototype.flags 54ms (cache miss)
233 silly packumentCache full:https://registry.npmjs.org/regexp.prototype.flags set size:undefined disposed:false
234 http fetch GET 200 https://registry.npmjs.org/supports-preserve-symlinks-flag 69ms (cache miss)
235 silly packumentCache full:https://registry.npmjs.org/supports-preserve-symlinks-flag set size:undefined disposed:false
236 http fetch GET 200 https://registry.npmjs.org/set-function-name 64ms (cache miss)
237 silly packumentCache full:https://registry.npmjs.org/set-function-name set size:undefined disposed:false
238 http fetch GET 200 https://registry.npmjs.org/side-channel 59ms (cache miss)
239 silly packumentCache full:https://registry.npmjs.org/side-channel set size:undefined disposed:false
240 silly placeDep ROOT call-bind@1.0.8 OK for: array-includes@3.1.9 want: ^1.0.8
241 silly placeDep ROOT call-bound@1.0.4 OK for: array-includes@3.1.9 want: ^1.0.4
242 silly placeDep ROOT define-properties@1.2.1 OK for: array-includes@3.1.9 want: ^1.2.1
243 silly placeDep ROOT es-abstract@1.24.0 OK for: array-includes@3.1.9 want: ^1.24.0
244 silly placeDep ROOT is-string@1.1.1 OK for: array-includes@3.1.9 want: ^1.1.1
245 silly fetch manifest set-function-length@^1.2.2
246 silly packumentCache full:https://registry.npmjs.org/set-function-length cache-miss
247 silly fetch manifest define-data-property@^1.0.1
248 silly packumentCache full:https://registry.npmjs.org/define-data-property cache-miss
249 silly fetch manifest has-property-descriptors@^1.0.0
250 silly packumentCache full:https://registry.npmjs.org/has-property-descriptors cache-miss
251 silly fetch manifest object-keys@^1.1.1
252 silly packumentCache full:https://registry.npmjs.org/object-keys cache-miss
253 silly fetch manifest array-buffer-byte-length@^1.0.2
254 silly packumentCache full:https://registry.npmjs.org/array-buffer-byte-length cache-miss
255 silly fetch manifest arraybuffer.prototype.slice@^1.0.4
256 silly packumentCache full:https://registry.npmjs.org/arraybuffer.prototype.slice cache-miss
257 silly fetch manifest available-typed-arrays@^1.0.7
258 silly packumentCache full:https://registry.npmjs.org/available-typed-arrays cache-miss
259 http cache https://registry.npmjs.org/has-property-descriptors 3ms (cache hit)
260 silly packumentCache full:https://registry.npmjs.org/has-property-descriptors set size:12452 disposed:false
261 silly fetch manifest data-view-buffer@^1.0.2
262 silly packumentCache full:https://registry.npmjs.org/data-view-buffer cache-miss
263 http fetch GET 200 https://registry.npmjs.org/define-data-property 57ms (cache miss)
264 silly packumentCache full:https://registry.npmjs.org/define-data-property set size:undefined disposed:false
265 silly fetch manifest data-view-byte-length@^1.0.2
266 silly packumentCache full:https://registry.npmjs.org/data-view-byte-length cache-miss
267 http fetch GET 200 https://registry.npmjs.org/set-function-length 58ms (cache miss)
268 silly packumentCache full:https://registry.npmjs.org/set-function-length set size:undefined disposed:false
269 silly fetch manifest data-view-byte-offset@^1.0.1
270 silly packumentCache full:https://registry.npmjs.org/data-view-byte-offset cache-miss
271 http fetch GET 200 https://registry.npmjs.org/array-buffer-byte-length 61ms (cache miss)
272 silly packumentCache full:https://registry.npmjs.org/array-buffer-byte-length set size:undefined disposed:false
273 silly fetch manifest es-to-primitive@^1.3.0
274 silly packumentCache full:https://registry.npmjs.org/es-to-primitive cache-miss
275 http fetch GET 200 https://registry.npmjs.org/data-view-buffer 61ms (cache miss)
276 silly packumentCache full:https://registry.npmjs.org/data-view-buffer set size:undefined disposed:false
277 silly fetch manifest function.prototype.name@^1.1.8
278 silly packumentCache full:https://registry.npmjs.org/function.prototype.name cache-miss
279 http fetch GET 200 https://registry.npmjs.org/available-typed-arrays 67ms (cache miss)
280 silly packumentCache full:https://registry.npmjs.org/available-typed-arrays set size:undefined disposed:false
281 silly fetch manifest get-symbol-description@^1.1.0
282 silly packumentCache full:https://registry.npmjs.org/get-symbol-description cache-miss
283 http fetch GET 200 https://registry.npmjs.org/object-keys 68ms (cache miss)
284 silly packumentCache full:https://registry.npmjs.org/object-keys set size:undefined disposed:false
285 silly fetch manifest is-array-buffer@^3.0.5
286 silly packumentCache full:https://registry.npmjs.org/is-array-buffer cache-miss
287 http fetch GET 200 https://registry.npmjs.org/arraybuffer.prototype.slice 72ms (cache miss)
288 silly packumentCache full:https://registry.npmjs.org/arraybuffer.prototype.slice set size:undefined disposed:false
289 silly fetch manifest is-callable@^1.2.7
290 silly packumentCache full:https://registry.npmjs.org/is-callable cache-miss
291 http fetch GET 200 https://registry.npmjs.org/data-view-byte-length 49ms (cache miss)
292 silly packumentCache full:https://registry.npmjs.org/data-view-byte-length set size:undefined disposed:false
293 silly fetch manifest is-data-view@^1.0.2
294 silly packumentCache full:https://registry.npmjs.org/is-data-view cache-miss
295 http fetch GET 200 https://registry.npmjs.org/get-symbol-description 46ms (cache miss)
296 silly packumentCache full:https://registry.npmjs.org/get-symbol-description set size:undefined disposed:false
297 silly fetch manifest is-negative-zero@^2.0.3
298 silly packumentCache full:https://registry.npmjs.org/is-negative-zero cache-miss
299 http fetch GET 200 https://registry.npmjs.org/data-view-byte-offset 60ms (cache miss)
300 silly packumentCache full:https://registry.npmjs.org/data-view-byte-offset set size:undefined disposed:false
301 silly fetch manifest is-regex@^1.2.1
302 silly packumentCache full:https://registry.npmjs.org/is-regex cache-miss
303 http fetch GET 200 https://registry.npmjs.org/function.prototype.name 63ms (cache miss)
304 silly packumentCache full:https://registry.npmjs.org/function.prototype.name set size:undefined disposed:false
305 silly fetch manifest is-set@^2.0.3
306 silly packumentCache full:https://registry.npmjs.org/is-set cache-miss
307 http fetch GET 200 https://registry.npmjs.org/is-callable 65ms (cache miss)
308 silly packumentCache full:https://registry.npmjs.org/is-callable set size:undefined disposed:false
309 silly fetch manifest is-shared-array-buffer@^1.0.4
310 silly packumentCache full:https://registry.npmjs.org/is-shared-array-buffer cache-miss
311 http fetch GET 200 https://registry.npmjs.org/is-data-view 49ms (cache miss)
312 silly packumentCache full:https://registry.npmjs.org/is-data-view set size:undefined disposed:false
313 silly fetch manifest is-typed-array@^1.1.15
314 silly packumentCache full:https://registry.npmjs.org/is-typed-array cache-miss
315 http fetch GET 200 https://registry.npmjs.org/is-array-buffer 88ms (cache miss)
316 silly packumentCache full:https://registry.npmjs.org/is-array-buffer set size:undefined disposed:false
317 silly fetch manifest is-weakref@^1.1.1
318 silly packumentCache full:https://registry.npmjs.org/is-weakref cache-miss
319 http fetch GET 200 https://registry.npmjs.org/is-negative-zero 45ms (cache miss)
320 silly packumentCache full:https://registry.npmjs.org/is-negative-zero set size:undefined disposed:false
321 silly fetch manifest object-inspect@^1.13.4
322 silly packumentCache full:https://registry.npmjs.org/object-inspect cache-miss
323 http fetch GET 200 https://registry.npmjs.org/is-regex 59ms (cache miss)
324 silly packumentCache full:https://registry.npmjs.org/is-regex set size:undefined disposed:false
325 silly fetch manifest object.assign@^4.1.7
326 silly packumentCache full:https://registry.npmjs.org/object.assign cache-miss
327 http cache https://registry.npmjs.org/object.assign 2ms (cache hit)
328 silly packumentCache full:https://registry.npmjs.org/object.assign set size:85907 disposed:false
329 silly fetch manifest own-keys@^1.0.1
330 silly packumentCache full:https://registry.npmjs.org/own-keys cache-miss
331 http fetch GET 200 https://registry.npmjs.org/es-to-primitive 121ms (cache miss)
332 silly packumentCache full:https://registry.npmjs.org/es-to-primitive set size:undefined disposed:false
333 silly fetch manifest regexp.prototype.flags@^1.5.4
334 silly packumentCache full:https://registry.npmjs.org/regexp.prototype.flags cache-miss
335 http cache https://registry.npmjs.org/regexp.prototype.flags 1ms (cache hit)
336 silly packumentCache full:https://registry.npmjs.org/regexp.prototype.flags set size:60621 disposed:false
337 silly fetch manifest safe-push-apply@^1.0.0
338 silly packumentCache full:https://registry.npmjs.org/safe-push-apply cache-miss
339 http fetch GET 200 https://registry.npmjs.org/is-set 58ms (cache miss)
340 silly packumentCache full:https://registry.npmjs.org/is-set set size:undefined disposed:false
341 silly fetch manifest safe-regex-test@^1.1.0
342 silly packumentCache full:https://registry.npmjs.org/safe-regex-test cache-miss
343 http fetch GET 200 https://registry.npmjs.org/is-shared-array-buffer 62ms (cache miss)
344 silly packumentCache full:https://registry.npmjs.org/is-shared-array-buffer set size:undefined disposed:false
345 silly fetch manifest set-proto@^1.0.0
346 silly packumentCache full:https://registry.npmjs.org/set-proto cache-miss
347 http fetch GET 200 https://registry.npmjs.org/object-inspect 49ms (cache miss)
348 silly packumentCache full:https://registry.npmjs.org/object-inspect set size:undefined disposed:false
349 silly fetch manifest stop-iteration-iterator@^1.1.0
350 silly packumentCache full:https://registry.npmjs.org/stop-iteration-iterator cache-miss
351 http fetch GET 200 https://registry.npmjs.org/is-weakref 66ms (cache miss)
352 silly packumentCache full:https://registry.npmjs.org/is-weakref set size:undefined disposed:false
353 silly fetch manifest string.prototype.trim@^1.2.10
354 silly packumentCache full:https://registry.npmjs.org/string.prototype.trim cache-miss
355 http fetch GET 200 https://registry.npmjs.org/own-keys 51ms (cache miss)
356 silly packumentCache full:https://registry.npmjs.org/own-keys set size:undefined disposed:false
357 silly fetch manifest string.prototype.trimend@^1.0.9
358 silly packumentCache full:https://registry.npmjs.org/string.prototype.trimend cache-miss
359 http fetch GET 200 https://registry.npmjs.org/is-typed-array 82ms (cache miss)
360 silly packumentCache full:https://registry.npmjs.org/is-typed-array set size:undefined disposed:false
361 silly fetch manifest string.prototype.trimstart@^1.0.8
362 silly packumentCache full:https://registry.npmjs.org/string.prototype.trimstart cache-miss
363 http fetch GET 200 https://registry.npmjs.org/set-proto 60ms (cache miss)
364 silly packumentCache full:https://registry.npmjs.org/set-proto set size:undefined disposed:false
365 silly fetch manifest typed-array-buffer@^1.0.3
366 silly packumentCache full:https://registry.npmjs.org/typed-array-buffer cache-miss
367 http fetch GET 200 https://registry.npmjs.org/stop-iteration-iterator 50ms (cache miss)
368 silly packumentCache full:https://registry.npmjs.org/stop-iteration-iterator set size:undefined disposed:false
369 silly fetch manifest typed-array-byte-length@^1.0.3
370 silly packumentCache full:https://registry.npmjs.org/typed-array-byte-length cache-miss
371 http fetch GET 200 https://registry.npmjs.org/safe-regex-test 73ms (cache miss)
372 silly packumentCache full:https://registry.npmjs.org/safe-regex-test set size:undefined disposed:false
373 silly fetch manifest typed-array-byte-offset@^1.0.4
374 silly packumentCache full:https://registry.npmjs.org/typed-array-byte-offset cache-miss
375 http fetch GET 200 https://registry.npmjs.org/safe-push-apply 87ms (cache miss)
376 silly packumentCache full:https://registry.npmjs.org/safe-push-apply set size:undefined disposed:false
377 silly fetch manifest typed-array-length@^1.0.7
378 silly packumentCache full:https://registry.npmjs.org/typed-array-length cache-miss
379 http fetch GET 200 https://registry.npmjs.org/string.prototype.trim 63ms (cache miss)
380 silly packumentCache full:https://registry.npmjs.org/string.prototype.trim set size:undefined disposed:false
381 silly fetch manifest unbox-primitive@^1.1.0
382 silly packumentCache full:https://registry.npmjs.org/unbox-primitive cache-miss
383 http fetch GET 200 https://registry.npmjs.org/string.prototype.trimend 59ms (cache miss)
384 silly packumentCache full:https://registry.npmjs.org/string.prototype.trimend set size:undefined disposed:false
385 silly fetch manifest which-typed-array@^1.1.19
386 silly packumentCache full:https://registry.npmjs.org/which-typed-array cache-miss
387 http fetch GET 200 https://registry.npmjs.org/string.prototype.trimstart 72ms (cache miss)
388 silly packumentCache full:https://registry.npmjs.org/string.prototype.trimstart set size:undefined disposed:false
389 http fetch GET 200 https://registry.npmjs.org/typed-array-buffer 57ms (cache miss)
390 silly packumentCache full:https://registry.npmjs.org/typed-array-buffer set size:undefined disposed:false
391 http fetch GET 200 https://registry.npmjs.org/typed-array-byte-length 59ms (cache miss)
392 silly packumentCache full:https://registry.npmjs.org/typed-array-byte-length set size:undefined disposed:false
393 http fetch GET 200 https://registry.npmjs.org/typed-array-byte-offset 64ms (cache miss)
394 silly packumentCache full:https://registry.npmjs.org/typed-array-byte-offset set size:undefined disposed:false
395 http fetch GET 200 https://registry.npmjs.org/typed-array-length 62ms (cache miss)
396 silly packumentCache full:https://registry.npmjs.org/typed-array-length set size:undefined disposed:false
397 http fetch GET 200 https://registry.npmjs.org/which-typed-array 62ms (cache miss)
398 silly packumentCache full:https://registry.npmjs.org/which-typed-array set size:undefined disposed:false
399 http fetch GET 200 https://registry.npmjs.org/unbox-primitive 82ms (cache miss)
400 silly packumentCache full:https://registry.npmjs.org/unbox-primitive set size:undefined disposed:false
401 silly placeDep ROOT es-shim-unscopables@1.1.0 OK for: array.prototype.findlast@1.2.5 want: ^1.0.2
402 silly placeDep ROOT set-function-length@1.2.2 OK for: call-bind@1.0.8 want: ^1.2.2
403 silly fetch manifest define-data-property@^1.1.4
404 silly packumentCache full:https://registry.npmjs.org/define-data-property cache-miss
405 http cache https://registry.npmjs.org/define-data-property 1ms (cache hit)
406 silly packumentCache full:https://registry.npmjs.org/define-data-property set size:28048 disposed:false
407 silly placeDep ROOT define-data-property@1.1.4 OK for: define-properties@1.2.1 want: ^1.0.1
408 silly placeDep ROOT has-property-descriptors@1.0.2 OK for: define-properties@1.2.1 want: ^1.0.0
409 silly placeDep ROOT object-keys@1.1.1 OK for: define-properties@1.2.1 want: ^1.1.1
410 silly placeDep ROOT array-buffer-byte-length@1.0.2 OK for: es-abstract@1.24.0 want: ^1.0.2
411 silly placeDep ROOT arraybuffer.prototype.slice@1.0.4 OK for: es-abstract@1.24.0 want: ^1.0.4
412 silly placeDep ROOT available-typed-arrays@1.0.7 OK for: es-abstract@1.24.0 want: ^1.0.7
413 silly placeDep ROOT data-view-buffer@1.0.2 OK for: es-abstract@1.24.0 want: ^1.0.2
414 silly placeDep ROOT data-view-byte-length@1.0.2 OK for: es-abstract@1.24.0 want: ^1.0.2
415 silly placeDep ROOT data-view-byte-offset@1.0.1 OK for: es-abstract@1.24.0 want: ^1.0.1
416 silly placeDep ROOT es-to-primitive@1.3.0 OK for: es-abstract@1.24.0 want: ^1.3.0
417 silly placeDep ROOT function.prototype.name@1.1.8 OK for: es-abstract@1.24.0 want: ^1.1.8
418 silly placeDep ROOT get-symbol-description@1.1.0 OK for: es-abstract@1.24.0 want: ^1.1.0
419 silly placeDep ROOT globalthis@1.0.4 OK for: es-abstract@1.24.0 want: ^1.0.4
420 silly placeDep ROOT has-proto@1.2.0 OK for: es-abstract@1.24.0 want: ^1.2.0
421 silly placeDep ROOT internal-slot@1.1.0 OK for: es-abstract@1.24.0 want: ^1.1.0
422 silly placeDep ROOT is-array-buffer@3.0.5 OK for: es-abstract@1.24.0 want: ^3.0.5
423 silly placeDep ROOT is-callable@1.2.7 OK for: es-abstract@1.24.0 want: ^1.2.7
424 silly placeDep ROOT is-data-view@1.0.2 OK for: es-abstract@1.24.0 want: ^1.0.2
425 silly placeDep ROOT is-negative-zero@2.0.3 OK for: es-abstract@1.24.0 want: ^2.0.3
426 silly placeDep ROOT is-regex@1.2.1 OK for: es-abstract@1.24.0 want: ^1.2.1
427 silly placeDep ROOT is-set@2.0.3 OK for: es-abstract@1.24.0 want: ^2.0.3
428 silly placeDep ROOT is-shared-array-buffer@1.0.4 OK for: es-abstract@1.24.0 want: ^1.0.4
429 silly placeDep ROOT is-typed-array@1.1.15 OK for: es-abstract@1.24.0 want: ^1.1.15
430 silly placeDep ROOT is-weakref@1.1.1 OK for: es-abstract@1.24.0 want: ^1.1.1
431 silly placeDep ROOT object-inspect@1.13.4 OK for: es-abstract@1.24.0 want: ^1.13.4
432 silly placeDep ROOT object.assign@4.1.7 OK for: es-abstract@1.24.0 want: ^4.1.7
433 silly placeDep ROOT own-keys@1.0.1 OK for: es-abstract@1.24.0 want: ^1.0.1
434 silly placeDep ROOT regexp.prototype.flags@1.5.4 OK for: es-abstract@1.24.0 want: ^1.5.4
435 silly placeDep ROOT safe-array-concat@1.1.3 OK for: es-abstract@1.24.0 want: ^1.1.3
436 silly placeDep ROOT safe-push-apply@1.0.0 OK for: es-abstract@1.24.0 want: ^1.0.0
437 silly placeDep ROOT safe-regex-test@1.1.0 OK for: es-abstract@1.24.0 want: ^1.1.0
438 silly placeDep ROOT set-proto@1.0.0 OK for: es-abstract@1.24.0 want: ^1.0.0
439 silly placeDep ROOT stop-iteration-iterator@1.1.0 OK for: es-abstract@1.24.0 want: ^1.1.0
440 silly placeDep ROOT string.prototype.trim@1.2.10 OK for: es-abstract@1.24.0 want: ^1.2.10
441 silly placeDep ROOT string.prototype.trimend@1.0.9 OK for: es-abstract@1.24.0 want: ^1.0.9
442 silly placeDep ROOT string.prototype.trimstart@1.0.8 OK for: es-abstract@1.24.0 want: ^1.0.8
443 silly placeDep ROOT typed-array-buffer@1.0.3 OK for: es-abstract@1.24.0 want: ^1.0.3
444 silly placeDep ROOT typed-array-byte-length@1.0.3 OK for: es-abstract@1.24.0 want: ^1.0.3
445 silly placeDep ROOT typed-array-byte-offset@1.0.4 OK for: es-abstract@1.24.0 want: ^1.0.4
446 silly placeDep ROOT typed-array-length@1.0.7 OK for: es-abstract@1.24.0 want: ^1.0.7
447 silly placeDep ROOT unbox-primitive@1.1.0 OK for: es-abstract@1.24.0 want: ^1.1.0
448 silly placeDep ROOT which-typed-array@1.1.19 OK for: es-abstract@1.24.0 want: ^1.1.19
449 silly fetch manifest is-array-buffer@^3.0.4
450 silly packumentCache full:https://registry.npmjs.org/is-array-buffer cache-miss
451 silly fetch manifest possible-typed-array-names@^1.0.0
452 silly packumentCache full:https://registry.npmjs.org/possible-typed-array-names cache-miss
453 silly fetch manifest is-data-view@^1.0.1
454 silly packumentCache full:https://registry.npmjs.org/is-data-view cache-miss
455 silly fetch manifest is-date-object@^1.0.5
456 silly packumentCache full:https://registry.npmjs.org/is-date-object cache-miss
457 silly fetch manifest is-symbol@^1.0.4
458 silly packumentCache full:https://registry.npmjs.org/is-symbol cache-miss
459 silly fetch manifest functions-have-names@^1.2.3
460 silly packumentCache full:https://registry.npmjs.org/functions-have-names cache-miss
461 silly fetch manifest is-typed-array@^1.1.13
462 silly packumentCache full:https://registry.npmjs.org/is-typed-array cache-miss
463 http cache https://registry.npmjs.org/is-typed-array 3ms (cache hit)
464 silly packumentCache full:https://registry.npmjs.org/is-typed-array set size:79965 disposed:false
465 silly fetch manifest which-typed-array@^1.1.16
466 silly packumentCache full:https://registry.npmjs.org/which-typed-array cache-miss
467 http cache https://registry.npmjs.org/is-array-buffer 5ms (cache hit)
468 silly packumentCache full:https://registry.npmjs.org/is-array-buffer set size:33562 disposed:false
469 silly fetch manifest isarray@^2.0.5
470 silly packumentCache full:https://registry.npmjs.org/isarray cache-miss
471 http cache https://registry.npmjs.org/is-data-view 6ms (cache hit)
472 silly packumentCache full:https://registry.npmjs.org/is-data-view set size:13756 disposed:false
473 silly fetch manifest isarray@^2.0.5
474 silly packumentCache full:https://registry.npmjs.org/isarray cache-miss
475 http cache https://registry.npmjs.org/which-typed-array 2ms (cache hit)
476 silly packumentCache full:https://registry.npmjs.org/which-typed-array set size:89701 disposed:false
477 silly fetch manifest for-each@^0.3.3
478 silly packumentCache full:https://registry.npmjs.org/for-each cache-miss
479 http fetch GET 200 https://registry.npmjs.org/possible-typed-array-names 52ms (cache miss)
480 silly packumentCache full:https://registry.npmjs.org/possible-typed-array-names set size:undefined disposed:false
481 silly fetch manifest for-each@^0.3.3
482 silly packumentCache full:https://registry.npmjs.org/for-each cache-miss
483 http fetch GET 200 https://registry.npmjs.org/isarray 56ms (cache miss)
484 silly packumentCache full:https://registry.npmjs.org/isarray set size:undefined disposed:false
485 silly fetch manifest reflect.getprototypeof@^1.0.9
486 silly packumentCache full:https://registry.npmjs.org/reflect.getprototypeof cache-miss
487 http fetch GET 200 https://registry.npmjs.org/isarray 62ms (cache miss)
488 silly packumentCache full:https://registry.npmjs.org/isarray set size:undefined disposed:false
489 silly fetch manifest for-each@^0.3.3
490 silly packumentCache full:https://registry.npmjs.org/for-each cache-miss
491 http fetch GET 200 https://registry.npmjs.org/is-symbol 67ms (cache miss)
492 silly packumentCache full:https://registry.npmjs.org/is-symbol set size:undefined disposed:false
493 silly fetch manifest reflect.getprototypeof@^1.0.6
494 silly packumentCache full:https://registry.npmjs.org/reflect.getprototypeof cache-miss
495 http fetch GET 200 https://registry.npmjs.org/for-each 67ms (cache miss)
496 silly packumentCache full:https://registry.npmjs.org/for-each set size:undefined disposed:false
497 silly fetch manifest has-bigints@^1.0.2
498 silly packumentCache full:https://registry.npmjs.org/has-bigints cache-miss
499 http fetch GET 200 https://registry.npmjs.org/is-date-object 78ms (cache miss)
500 silly packumentCache full:https://registry.npmjs.org/is-date-object set size:undefined disposed:false
501 silly fetch manifest which-boxed-primitive@^1.1.1
502 silly packumentCache full:https://registry.npmjs.org/which-boxed-primitive cache-miss
503 http fetch GET 200 https://registry.npmjs.org/for-each 41ms (cache miss)
504 silly packumentCache full:https://registry.npmjs.org/for-each set size:undefined disposed:false
505 silly fetch manifest for-each@^0.3.5
506 silly packumentCache full:https://registry.npmjs.org/for-each cache-miss
507 http cache https://registry.npmjs.org/for-each 1ms (cache hit)
508 silly packumentCache full:https://registry.npmjs.org/for-each set size:14327 disposed:false
509 http fetch GET 200 https://registry.npmjs.org/reflect.getprototypeof 60ms (cache miss)
510 silly packumentCache full:https://registry.npmjs.org/reflect.getprototypeof set size:undefined disposed:false
511 http fetch GET 200 https://registry.npmjs.org/for-each 58ms (cache miss)
512 silly packumentCache full:https://registry.npmjs.org/for-each set size:undefined disposed:false
513 silly packumentCache full:https://registry.npmjs.org/for-each dispose
514 http fetch GET 200 https://registry.npmjs.org/reflect.getprototypeof 71ms (cache miss)
515 silly packumentCache full:https://registry.npmjs.org/reflect.getprototypeof set size:undefined disposed:false
516 http fetch GET 200 https://registry.npmjs.org/functions-have-names 140ms (cache miss)
517 silly packumentCache full:https://registry.npmjs.org/functions-have-names set size:undefined disposed:false
518 http fetch GET 200 https://registry.npmjs.org/has-bigints 67ms (cache miss)
519 silly packumentCache full:https://registry.npmjs.org/has-bigints set size:undefined disposed:false
520 http fetch GET 200 https://registry.npmjs.org/which-boxed-primitive 65ms (cache miss)
521 silly packumentCache full:https://registry.npmjs.org/which-boxed-primitive set size:undefined disposed:false
522 silly placeDep ROOT possible-typed-array-names@1.1.0 OK for: available-typed-arrays@1.0.7 want: ^1.0.0
523 silly placeDep ROOT iterator.prototype@1.1.5 OK for: es-iterator-helpers@1.2.1 want: ^1.1.4
524 silly placeDep ROOT is-date-object@1.1.0 OK for: es-to-primitive@1.3.0 want: ^1.0.5
525 silly placeDep ROOT is-symbol@1.1.1 OK for: es-to-primitive@1.3.0 want: ^1.0.4
526 silly placeDep ROOT functions-have-names@1.2.3 OK for: function.prototype.name@1.1.8 want: ^1.2.3
527 silly placeDep ROOT side-channel@1.1.0 OK for: internal-slot@1.1.0 want: ^1.1.0
528 silly fetch manifest side-channel-list@^1.0.0
529 silly packumentCache full:https://registry.npmjs.org/side-channel-list cache-miss
530 silly fetch manifest side-channel-map@^1.0.1
531 silly packumentCache full:https://registry.npmjs.org/side-channel-map cache-miss
532 silly fetch manifest side-channel-weakmap@^1.0.2
533 silly packumentCache full:https://registry.npmjs.org/side-channel-weakmap cache-miss
534 http fetch GET 200 https://registry.npmjs.org/side-channel-list 57ms (cache miss)
535 silly packumentCache full:https://registry.npmjs.org/side-channel-list set size:undefined disposed:false
536 http fetch GET 200 https://registry.npmjs.org/side-channel-weakmap 61ms (cache miss)
537 silly packumentCache full:https://registry.npmjs.org/side-channel-weakmap set size:undefined disposed:false
538 http fetch GET 200 https://registry.npmjs.org/side-channel-map 77ms (cache miss)
539 silly packumentCache full:https://registry.npmjs.org/side-channel-map set size:undefined disposed:false
540 silly placeDep ROOT set-function-name@2.0.2 OK for: iterator.prototype@1.1.5 want: ^2.0.2
541 silly placeDep ROOT array.prototype.flat@1.3.3 OK for: jsx-ast-utils@3.3.5 want: ^1.3.1
542 silly placeDep ROOT loose-envify@1.4.0 OK for: prop-types@15.8.1 want: ^1.4.0
543 silly placeDep ROOT object-assign@4.1.1 OK for: prop-types@15.8.1 want: ^4.1.1
544 silly placeDep node_modules/prop-types react-is@16.13.1 OK for: prop-types@15.8.1 want: ^16.13.1
545 silly placeDep ROOT is-core-module@2.16.1 OK for: resolve@2.0.0-next.5 want: ^2.13.0
546 silly placeDep ROOT path-parse@1.0.7 OK for: resolve@2.0.0-next.5 want: ^1.0.7
547 silly placeDep ROOT supports-preserve-symlinks-flag@1.0.0 OK for: resolve@2.0.0-next.5 want: ^1.0.0
548 silly placeDep ROOT isarray@2.0.5 OK for: safe-array-concat@1.1.3 want: ^2.0.5
549 silly placeDep ROOT side-channel-list@1.0.0 OK for: side-channel@1.1.0 want: ^1.0.0
550 silly placeDep ROOT side-channel-map@1.0.1 OK for: side-channel@1.1.0 want: ^1.0.1
551 silly placeDep ROOT side-channel-weakmap@1.0.2 OK for: side-channel@1.1.0 want: ^1.0.2
552 silly placeDep ROOT for-each@0.3.5 OK for: typed-array-byte-length@1.0.3 want: ^0.3.3
553 silly placeDep ROOT reflect.getprototypeof@1.0.10 OK for: typed-array-byte-offset@1.0.4 want: ^1.0.9
554 silly fetch manifest which-builtin-type@^1.2.1
555 silly packumentCache full:https://registry.npmjs.org/which-builtin-type cache-miss
556 http fetch GET 200 https://registry.npmjs.org/which-builtin-type 73ms (cache miss)
557 silly packumentCache full:https://registry.npmjs.org/which-builtin-type set size:undefined disposed:false
558 silly placeDep ROOT which-builtin-type@1.2.1 OK for: reflect.getprototypeof@1.0.10 want: ^1.2.1
559 silly fetch manifest is-async-function@^2.0.0
560 silly packumentCache full:https://registry.npmjs.org/is-async-function cache-miss
561 silly fetch manifest is-finalizationregistry@^1.1.0
562 silly packumentCache full:https://registry.npmjs.org/is-finalizationregistry cache-miss
563 silly fetch manifest is-generator-function@^1.0.10
564 silly packumentCache full:https://registry.npmjs.org/is-generator-function cache-miss
565 silly fetch manifest which-boxed-primitive@^1.1.0
566 silly packumentCache full:https://registry.npmjs.org/which-boxed-primitive cache-miss
567 silly fetch manifest which-collection@^1.0.2
568 silly packumentCache full:https://registry.npmjs.org/which-collection cache-miss
569 http cache https://registry.npmjs.org/which-boxed-primitive 3ms (cache hit)
570 silly packumentCache full:https://registry.npmjs.org/which-boxed-primitive set size:19407 disposed:false
571 http fetch GET 200 https://registry.npmjs.org/is-finalizationregistry 62ms (cache miss)
572 silly packumentCache full:https://registry.npmjs.org/is-finalizationregistry set size:undefined disposed:false
573 http fetch GET 200 https://registry.npmjs.org/which-collection 62ms (cache miss)
574 silly packumentCache full:https://registry.npmjs.org/which-collection set size:undefined disposed:false
575 http fetch GET 200 https://registry.npmjs.org/is-generator-function 70ms (cache miss)
576 silly packumentCache full:https://registry.npmjs.org/is-generator-function set size:undefined disposed:false
577 http fetch GET 200 https://registry.npmjs.org/is-async-function 77ms (cache miss)
578 silly packumentCache full:https://registry.npmjs.org/is-async-function set size:undefined disposed:false
579 silly placeDep ROOT has-bigints@1.1.0 OK for: unbox-primitive@1.1.0 want: ^1.0.2
580 silly placeDep ROOT which-boxed-primitive@1.1.1 OK for: unbox-primitive@1.1.0 want: ^1.1.1
581 silly fetch manifest is-bigint@^1.1.0
582 silly packumentCache full:https://registry.npmjs.org/is-bigint cache-miss
583 silly fetch manifest is-boolean-object@^1.2.1
584 silly packumentCache full:https://registry.npmjs.org/is-boolean-object cache-miss
585 silly fetch manifest is-number-object@^1.1.1
586 silly packumentCache full:https://registry.npmjs.org/is-number-object cache-miss
587 http fetch GET 200 https://registry.npmjs.org/is-number-object 60ms (cache miss)
588 silly packumentCache full:https://registry.npmjs.org/is-number-object set size:undefined disposed:false
589 http fetch GET 200 https://registry.npmjs.org/is-bigint 85ms (cache miss)
590 silly packumentCache full:https://registry.npmjs.org/is-bigint set size:undefined disposed:false
591 http fetch GET 200 https://registry.npmjs.org/is-boolean-object 101ms (cache miss)
592 silly packumentCache full:https://registry.npmjs.org/is-boolean-object set size:undefined disposed:false
593 silly placeDep ROOT is-bigint@1.1.0 OK for: which-boxed-primitive@1.1.1 want: ^1.1.0
594 silly placeDep ROOT is-boolean-object@1.2.2 OK for: which-boxed-primitive@1.1.1 want: ^1.2.1
595 silly placeDep ROOT is-number-object@1.1.1 OK for: which-boxed-primitive@1.1.1 want: ^1.1.1
596 silly placeDep ROOT is-async-function@2.1.1 OK for: which-builtin-type@1.2.1 want: ^2.0.0
597 silly placeDep ROOT is-finalizationregistry@1.1.1 OK for: which-builtin-type@1.2.1 want: ^1.1.0
598 silly placeDep ROOT is-generator-function@1.1.2 OK for: which-builtin-type@1.2.1 want: ^1.0.10
599 silly placeDep ROOT which-collection@1.0.2 OK for: which-builtin-type@1.2.1 want: ^1.0.2
600 silly fetch manifest async-function@^1.0.0
601 silly packumentCache full:https://registry.npmjs.org/async-function cache-miss
602 silly fetch manifest generator-function@^2.0.0
603 silly packumentCache full:https://registry.npmjs.org/generator-function cache-miss
604 silly fetch manifest is-map@^2.0.3
605 silly packumentCache full:https://registry.npmjs.org/is-map cache-miss
606 silly fetch manifest is-weakmap@^2.0.2
607 silly packumentCache full:https://registry.npmjs.org/is-weakmap cache-miss
608 silly fetch manifest is-weakset@^2.0.3
609 silly packumentCache full:https://registry.npmjs.org/is-weakset cache-miss
610 http fetch GET 200 https://registry.npmjs.org/generator-function 57ms (cache miss)
611 silly packumentCache full:https://registry.npmjs.org/generator-function set size:undefined disposed:false
612 http fetch GET 200 https://registry.npmjs.org/is-weakset 61ms (cache miss)
613 silly packumentCache full:https://registry.npmjs.org/is-weakset set size:undefined disposed:false
614 http fetch GET 200 https://registry.npmjs.org/is-map 66ms (cache miss)
615 silly packumentCache full:https://registry.npmjs.org/is-map set size:undefined disposed:false
616 http fetch GET 200 https://registry.npmjs.org/async-function 73ms (cache miss)
617 silly packumentCache full:https://registry.npmjs.org/async-function set size:undefined disposed:false
618 http fetch GET 200 https://registry.npmjs.org/is-weakmap 92ms (cache miss)
619 silly packumentCache full:https://registry.npmjs.org/is-weakmap set size:undefined disposed:false
620 silly placeDep ROOT async-function@1.0.0 OK for: is-async-function@2.1.1 want: ^1.0.0
621 silly placeDep ROOT generator-function@2.0.1 OK for: is-generator-function@1.1.2 want: ^2.0.0
622 silly placeDep ROOT is-map@2.0.3 OK for: which-collection@1.0.2 want: ^2.0.3
623 silly placeDep ROOT is-weakmap@2.0.2 OK for: which-collection@1.0.2 want: ^2.0.2
624 silly placeDep ROOT is-weakset@2.0.4 OK for: which-collection@1.0.2 want: ^2.0.3
625 silly reify moves {}
626 silly audit bulk request {
626 silly audit   '@babel/code-frame': [ '7.27.1' ],
626 silly audit   '@babel/compat-data': [ '7.28.5' ],
626 silly audit   '@babel/core': [ '7.28.5' ],
626 silly audit   '@babel/generator': [ '7.28.5' ],
626 silly audit   '@babel/helper-compilation-targets': [ '7.27.2' ],
626 silly audit   '@babel/helper-globals': [ '7.28.0' ],
626 silly audit   '@babel/helper-module-imports': [ '7.27.1' ],
626 silly audit   '@babel/helper-module-transforms': [ '7.28.3' ],
626 silly audit   '@babel/helper-plugin-utils': [ '7.27.1' ],
626 silly audit   '@babel/helper-string-parser': [ '7.27.1' ],
626 silly audit   '@babel/helper-validator-identifier': [ '7.28.5' ],
626 silly audit   '@babel/helper-validator-option': [ '7.27.1' ],
626 silly audit   '@babel/helpers': [ '7.28.4' ],
626 silly audit   '@babel/parser': [ '7.28.5' ],
626 silly audit   '@babel/plugin-transform-react-jsx-self': [ '7.27.1' ],
626 silly audit   '@babel/plugin-transform-react-jsx-source': [ '7.27.1' ],
626 silly audit   '@babel/template': [ '7.27.2' ],
626 silly audit   '@babel/traverse': [ '7.28.5' ],
626 silly audit   '@babel/types': [ '7.28.5' ],
626 silly audit   '@esbuild/aix-ppc64': [ '0.25.12' ],
626 silly audit   '@esbuild/android-arm': [ '0.25.12' ],
626 silly audit   '@esbuild/android-arm64': [ '0.25.12' ],
626 silly audit   '@esbuild/android-x64': [ '0.25.12' ],
626 silly audit   '@esbuild/darwin-arm64': [ '0.25.12' ],
626 silly audit   '@esbuild/darwin-x64': [ '0.25.12' ],
626 silly audit   '@esbuild/freebsd-arm64': [ '0.25.12' ],
626 silly audit   '@esbuild/freebsd-x64': [ '0.25.12' ],
626 silly audit   '@esbuild/linux-arm': [ '0.25.12' ],
626 silly audit   '@esbuild/linux-arm64': [ '0.25.12' ],
626 silly audit   '@esbuild/linux-ia32': [ '0.25.12' ],
626 silly audit   '@esbuild/linux-loong64': [ '0.25.12' ],
626 silly audit   '@esbuild/linux-mips64el': [ '0.25.12' ],
626 silly audit   '@esbuild/linux-ppc64': [ '0.25.12' ],
626 silly audit   '@esbuild/linux-riscv64': [ '0.25.12' ],
626 silly audit   '@esbuild/linux-s390x': [ '0.25.12' ],
626 silly audit   '@esbuild/linux-x64': [ '0.25.12' ],
626 silly audit   '@esbuild/netbsd-arm64': [ '0.25.12' ],
626 silly audit   '@esbuild/netbsd-x64': [ '0.25.12' ],
626 silly audit   '@esbuild/openbsd-arm64': [ '0.25.12' ],
626 silly audit   '@esbuild/openbsd-x64': [ '0.25.12' ],
626 silly audit   '@esbuild/openharmony-arm64': [ '0.25.12' ],
626 silly audit   '@esbuild/sunos-x64': [ '0.25.12' ],
626 silly audit   '@esbuild/win32-arm64': [ '0.25.12' ],
626 silly audit   '@esbuild/win32-ia32': [ '0.25.12' ],
626 silly audit   '@esbuild/win32-x64': [ '0.25.12' ],
626 silly audit   '@eslint-community/eslint-utils': [ '4.9.0' ],
626 silly audit   'eslint-visitor-keys': [ '3.4.3', '4.2.1' ],
626 silly audit   '@eslint-community/regexpp': [ '4.12.2' ],
626 silly audit   '@eslint/config-array': [ '0.21.1' ],
626 silly audit   '@eslint/config-helpers': [ '0.4.2' ],
626 silly audit   '@eslint/core': [ '0.17.0' ],
626 silly audit   '@eslint/eslintrc': [ '3.3.1' ],
626 silly audit   '@eslint/js': [ '9.39.1' ],
626 silly audit   '@eslint/object-schema': [ '2.1.7' ],
626 silly audit   '@eslint/plugin-kit': [ '0.4.1' ],
626 silly audit   '@humanfs/core': [ '0.19.1' ],
626 silly audit   '@humanfs/node': [ '0.16.7' ],
626 silly audit   '@humanwhocodes/module-importer': [ '1.0.1' ],
626 silly audit   '@humanwhocodes/retry': [ '0.4.3' ],
626 silly audit   '@jridgewell/gen-mapping': [ '0.3.13' ],
626 silly audit   '@jridgewell/remapping': [ '2.3.5' ],
626 silly audit   '@jridgewell/resolve-uri': [ '3.1.2' ],
626 silly audit   '@jridgewell/sourcemap-codec': [ '1.5.5' ],
626 silly audit   '@jridgewell/trace-mapping': [ '0.3.31' ],
626 silly audit   '@reduxjs/toolkit': [ '2.10.1' ],
626 silly audit   '@rolldown/pluginutils': [ '1.0.0-beta.47' ],
626 silly audit   '@rollup/rollup-android-arm-eabi': [ '4.53.2' ],
626 silly audit   '@rollup/rollup-android-arm64': [ '4.53.2' ],
626 silly audit   '@rollup/rollup-darwin-arm64': [ '4.53.2' ],
626 silly audit   '@rollup/rollup-darwin-x64': [ '4.53.2' ],
626 silly audit   '@rollup/rollup-freebsd-arm64': [ '4.53.2' ],
626 silly audit   '@rollup/rollup-freebsd-x64': [ '4.53.2' ],
626 silly audit   '@rollup/rollup-linux-arm-gnueabihf': [ '4.53.2' ],
626 silly audit   '@rollup/rollup-linux-arm-musleabihf': [ '4.53.2' ],
626 silly audit   '@rollup/rollup-linux-arm64-gnu': [ '4.53.2' ],
626 silly audit   '@rollup/rollup-linux-arm64-musl': [ '4.53.2' ],
626 silly audit   '@rollup/rollup-linux-loong64-gnu': [ '4.53.2' ],
626 silly audit   '@rollup/rollup-linux-ppc64-gnu': [ '4.53.2' ],
626 silly audit   '@rollup/rollup-linux-riscv64-gnu': [ '4.53.2' ],
626 silly audit   '@rollup/rollup-linux-riscv64-musl': [ '4.53.2' ],
626 silly audit   '@rollup/rollup-linux-s390x-gnu': [ '4.53.2' ],
626 silly audit   '@rollup/rollup-linux-x64-gnu': [ '4.53.2' ],
626 silly audit   '@rollup/rollup-linux-x64-musl': [ '4.53.2' ],
626 silly audit   '@rollup/rollup-openharmony-arm64': [ '4.53.2' ],
626 silly audit   '@rollup/rollup-win32-arm64-msvc': [ '4.53.2' ],
626 silly audit   '@rollup/rollup-win32-ia32-msvc': [ '4.53.2' ],
626 silly audit   '@rollup/rollup-win32-x64-gnu': [ '4.53.2' ],
626 silly audit   '@rollup/rollup-win32-x64-msvc': [ '4.53.2' ],
626 silly audit   '@standard-schema/spec': [ '1.0.0' ],
626 silly audit   '@standard-schema/utils': [ '0.3.0' ],
626 silly audit   '@types/babel__core': [ '7.20.5' ],
626 silly audit   '@types/babel__generator': [ '7.27.0' ],
626 silly audit   '@types/babel__template': [ '7.4.4' ],
626 silly audit   '@types/babel__traverse': [ '7.28.0' ],
626 silly audit   '@types/d3-array': [ '3.2.2' ],
626 silly audit   '@types/d3-color': [ '3.1.3' ],
626 silly audit   '@types/d3-ease': [ '3.0.2' ],
626 silly audit   '@types/d3-interpolate': [ '3.0.4' ],
626 silly audit   '@types/d3-path': [ '3.1.1' ],
626 silly audit   '@types/d3-scale': [ '4.0.9' ],
626 silly audit   '@types/d3-shape': [ '3.1.7' ],
626 silly audit   '@types/d3-time': [ '3.0.4' ],
626 silly audit   '@types/d3-timer': [ '3.0.2' ],
626 silly audit   '@types/estree': [ '1.0.8' ],
626 silly audit   '@types/json-schema': [ '7.0.15' ],
626 silly audit   '@types/use-sync-external-store': [ '0.0.6' ],
626 silly audit   '@vitejs/plugin-react': [ '5.1.1' ],
626 silly audit   acorn: [ '8.15.0' ],
626 silly audit   'acorn-jsx': [ '5.3.2' ],
626 silly audit   ajv: [ '6.12.6' ],
626 silly audit   'ansi-styles': [ '4.3.0' ],
626 silly audit   argparse: [ '2.0.1' ],
626 silly audit   asynckit: [ '0.4.0' ],
626 silly audit   axios: [ '1.13.2' ],
626 silly audit   'balanced-match': [ '1.0.2' ],
626 silly audit   'baseline-browser-mapping': [ '2.8.28' ],
626 silly audit   'brace-expansion': [ '1.1.12' ],
626 silly audit   browserslist: [ '4.28.0' ],
626 silly audit   'call-bind-apply-helpers': [ '1.0.2' ],
626 silly audit   callsites: [ '3.1.0' ],
626 silly audit   'caniuse-lite': [ '1.0.30001754' ],
626 silly audit   chalk: [ '4.1.2' ],
626 silly audit   clsx: [ '2.1.1' ],
626 silly audit   'color-convert': [ '2.0.1' ],
626 silly audit   'color-name': [ '1.1.4' ],
626 silly audit   'combined-stream': [ '1.0.8' ],
626 silly audit   'concat-map': [ '0.0.1' ],
626 silly audit   'convert-source-map': [ '2.0.0' ],
626 silly audit   cookie: [ '1.0.2' ],
626 silly audit   'cross-spawn': [ '7.0.6' ],
626 silly audit   'd3-array': [ '3.2.4' ],
626 silly audit   'd3-color': [ '3.1.0' ],
626 silly audit   'd3-ease': [ '3.0.1' ],
626 silly audit   'd3-format': [ '3.1.0' ],
626 silly audit   'd3-interpolate': [ '3.0.1' ],
626 silly audit   'd3-path': [ '3.1.0' ],
626 silly audit   'd3-scale': [ '4.0.2' ],
626 silly audit   'd3-shape': [ '3.2.0' ],
626 silly audit   'd3-time': [ '3.1.0' ],
626 silly audit   'd3-time-format': [ '4.1.0' ],
626 silly audit   'd3-timer': [ '3.0.1' ],
626 silly audit   debug: [ '4.4.3' ],
626 silly audit   'decimal.js-light': [ '2.5.1' ],
626 silly audit   'deep-is': [ '0.1.4' ],
626 silly audit   'delayed-stream': [ '1.0.0' ],
626 silly audit   'dunder-proto': [ '1.0.1' ],
626 silly audit   'electron-to-chromium': [ '1.5.252' ],
626 silly audit   'es-define-property': [ '1.0.1' ],
626 silly audit   'es-errors': [ '1.3.0' ],
626 silly audit   'es-object-atoms': [ '1.1.1' ],
626 silly audit   'es-set-tostringtag': [ '2.1.0' ],
626 silly audit   'es-toolkit': [ '1.41.0' ],
626 silly audit   esbuild: [ '0.25.12' ],
626 silly audit   escalade: [ '3.2.0' ],
626 silly audit   'escape-string-regexp': [ '4.0.0' ],
626 silly audit   eslint: [ '9.39.1' ],
626 silly audit   'eslint-scope': [ '8.4.0' ],
626 silly audit   espree: [ '10.4.0' ],
626 silly audit   esquery: [ '1.6.0' ],
626 silly audit   esrecurse: [ '4.3.0' ],
626 silly audit   estraverse: [ '5.3.0' ],
626 silly audit   esutils: [ '2.0.3' ],
626 silly audit   eventemitter3: [ '5.0.1' ],
626 silly audit   'fast-deep-equal': [ '3.1.3' ],
626 silly audit   'fast-json-stable-stringify': [ '2.1.0' ],
626 silly audit   'fast-levenshtein': [ '2.0.6' ],
626 silly audit   fdir: [ '6.5.0' ],
626 silly audit   'file-entry-cache': [ '8.0.0' ],
626 silly audit   'find-up': [ '5.0.0' ],
626 silly audit   'flat-cache': [ '4.0.1' ],
626 silly audit   flatted: [ '3.3.3' ],
626 silly audit   'follow-redirects': [ '1.15.11' ],
626 silly audit   'form-data': [ '4.0.4' ],
626 silly audit   fsevents: [ '2.3.3' ],
626 silly audit   'function-bind': [ '1.1.2' ],
626 silly audit   gensync: [ '1.0.0-beta.2' ],
626 silly audit   'get-intrinsic': [ '1.3.0' ],
626 silly audit   'get-proto': [ '1.0.1' ],
626 silly audit   'glob-parent': [ '6.0.2' ],
626 silly audit   globals: [ '14.0.0' ],
626 silly audit   gopd: [ '1.2.0' ],
626 silly audit   'has-flag': [ '4.0.0' ],
626 silly audit   'has-symbols': [ '1.1.0' ],
626 silly audit   'has-tostringtag': [ '1.0.2' ],
626 silly audit   hasown: [ '2.0.2' ],
626 silly audit   ignore: [ '5.3.2' ],
626 silly audit   immer: [ '10.2.0' ],
626 silly audit   'import-fresh': [ '3.3.1' ],
626 silly audit   imurmurhash: [ '0.1.4' ],
626 silly audit   internmap: [ '2.0.3' ],
626 silly audit   'is-extglob': [ '2.1.1' ],
626 silly audit   'is-glob': [ '4.0.3' ],
626 silly audit   isexe: [ '2.0.0' ],
626 silly audit   'js-tokens': [ '4.0.0' ],
626 silly audit   'js-yaml': [ '4.1.1' ],
626 silly audit   jsesc: [ '3.1.0' ],
626 silly audit   'json-buffer': [ '3.0.1' ],
626 silly audit   'json-schema-traverse': [ '0.4.1' ],
626 silly audit   'json-stable-stringify-without-jsonify': [ '1.0.1' ],
626 silly audit   json5: [ '2.2.3' ],
626 silly audit   keyv: [ '4.5.4' ],
626 silly audit   levn: [ '0.4.1' ],
626 silly audit   'locate-path': [ '6.0.0' ],
626 silly audit   'lodash.merge': [ '4.6.2' ],
626 silly audit   'lru-cache': [ '5.1.1' ],
626 silly audit   'math-intrinsics': [ '1.1.0' ],
626 silly audit   'mime-db': [ '1.52.0' ],
626 silly audit   'mime-types': [ '2.1.35' ],
626 silly audit   minimatch: [ '3.1.2' ],
626 silly audit   ms: [ '2.1.3' ],
626 silly audit   nanoid: [ '3.3.11' ],
626 silly audit   'natural-compare': [ '1.4.0' ],
626 silly audit   'node-releases': [ '2.0.27' ],
626 silly audit   optionator: [ '0.9.4' ],
626 silly audit   'p-limit': [ '3.1.0' ],
626 silly audit   'p-locate': [ '5.0.0' ],
626 silly audit   'parent-module': [ '1.0.1' ],
626 silly audit   'path-exists': [ '4.0.0' ],
626 silly audit   'path-key': [ '3.1.1' ],
626 silly audit   picocolors: [ '1.1.1' ],
626 silly audit   picomatch: [ '4.0.3' ],
626 silly audit   postcss: [ '8.5.6' ],
626 silly audit   'prelude-ls': [ '1.2.1' ],
626 silly audit   'proxy-from-env': [ '1.1.0' ],
626 silly audit   punycode: [ '2.3.1' ],
626 silly audit   react: [ '19.2.0' ],
626 silly audit   'react-dom': [ '19.2.0' ],
626 silly audit   'react-is': [ '19.2.0', '16.13.1' ],
626 silly audit   'react-redux': [ '9.2.0' ],
626 silly audit   'react-refresh': [ '0.18.0' ],
626 silly audit   'react-router': [ '7.9.6' ],
626 silly audit   'react-router-dom': [ '7.9.6' ],
626 silly audit   recharts: [ '3.4.1' ],
626 silly audit   redux: [ '5.0.1' ],
626 silly audit   'redux-thunk': [ '3.1.0' ],
626 silly audit   reselect: [ '5.1.1' ],
626 silly audit   'resolve-from': [ '4.0.0' ],
626 silly audit   rollup: [ '4.53.2' ],
626 silly audit   scheduler: [ '0.27.0' ],
626 silly audit   semver: [ '6.3.1' ],
626 silly audit   'set-cookie-parser': [ '2.7.2' ],
626 silly audit   'shebang-command': [ '2.0.0' ],
626 silly audit   'shebang-regex': [ '3.0.0' ],
626 silly audit   'source-map-js': [ '1.2.1' ],
626 silly audit   'strip-json-comments': [ '3.1.1' ],
626 silly audit   'supports-color': [ '7.2.0' ],
626 silly audit   'tiny-invariant': [ '1.3.3' ],
626 silly audit   tinyglobby: [ '0.2.15' ],
626 silly audit   'type-check': [ '0.4.0' ],
626 silly audit   'update-browserslist-db': [ '1.1.4' ],
626 silly audit   'uri-js': [ '4.4.1' ],
626 silly audit   'use-sync-external-store': [ '1.6.0' ],
626 silly audit   'victory-vendor': [ '37.3.6' ],
626 silly audit   vite: [ '7.2.2' ],
626 silly audit   which: [ '2.0.2' ],
626 silly audit   'word-wrap': [ '1.2.5' ],
626 silly audit   yallist: [ '3.1.1' ],
626 silly audit   'yocto-queue': [ '0.1.0' ],
626 silly audit   'eslint-plugin-react': [ '7.37.5' ],
626 silly audit   'array-includes': [ '3.1.9' ],
626 silly audit   'array.prototype.findlast': [ '1.2.5' ],
626 silly audit   'array.prototype.flatmap': [ '1.3.3' ],
626 silly audit   'array.prototype.tosorted': [ '1.1.4' ],
626 silly audit   doctrine: [ '2.1.0' ],
626 silly audit   'es-iterator-helpers': [ '1.2.1' ],
626 silly audit   'jsx-ast-utils': [ '3.3.5' ],
626 silly audit   'object.entries': [ '1.1.9' ],
626 silly audit   'object.fromentries': [ '2.0.8' ],
626 silly audit   'object.values': [ '1.2.1' ],
626 silly audit   'prop-types': [ '15.8.1' ],
626 silly audit   resolve: [ '2.0.0-next.5' ],
626 silly audit   'string.prototype.matchall': [ '4.0.12' ],
626 silly audit   'string.prototype.repeat': [ '1.0.0' ],
626 silly audit   'call-bind': [ '1.0.8' ],
626 silly audit   'call-bound': [ '1.0.4' ],
626 silly audit   'define-properties': [ '1.2.1' ],
626 silly audit   'es-abstract': [ '1.24.0' ],
626 silly audit   'is-string': [ '1.1.1' ],
626 silly audit   'es-shim-unscopables': [ '1.1.0' ],
626 silly audit   'set-function-length': [ '1.2.2' ],
626 silly audit   'define-data-property': [ '1.1.4' ],
626 silly audit   'has-property-descriptors': [ '1.0.2' ],
626 silly audit   'object-keys': [ '1.1.1' ],
626 silly audit   'array-buffer-byte-length': [ '1.0.2' ],
626 silly audit   'arraybuffer.prototype.slice': [ '1.0.4' ],
626 silly audit   'available-typed-arrays': [ '1.0.7' ],
626 silly audit   'data-view-buffer': [ '1.0.2' ],
626 silly audit   'data-view-byte-length': [ '1.0.2' ],
626 silly audit   'data-view-byte-offset': [ '1.0.1' ],
626 silly audit   'es-to-primitive': [ '1.3.0' ],
626 silly audit   'function.prototype.name': [ '1.1.8' ],
626 silly audit   'get-symbol-description': [ '1.1.0' ],
626 silly audit   globalthis: [ '1.0.4' ],
626 silly audit   'has-proto': [ '1.2.0' ],
626 silly audit   'internal-slot': [ '1.1.0' ],
626 silly audit   'is-array-buffer': [ '3.0.5' ],
626 silly audit   'is-callable': [ '1.2.7' ],
626 silly audit   'is-data-view': [ '1.0.2' ],
626 silly audit   'is-negative-zero': [ '2.0.3' ],
626 silly audit   'is-regex': [ '1.2.1' ],
626 silly audit   'is-set': [ '2.0.3' ],
626 silly audit   'is-shared-array-buffer': [ '1.0.4' ],
626 silly audit   'is-typed-array': [ '1.1.15' ],
626 silly audit   'is-weakref': [ '1.1.1' ],
626 silly audit   'object-inspect': [ '1.13.4' ],
626 silly audit   'object.assign': [ '4.1.7' ],
626 silly audit   'own-keys': [ '1.0.1' ],
626 silly audit   'regexp.prototype.flags': [ '1.5.4' ],
626 silly audit   'safe-array-concat': [ '1.1.3' ],
626 silly audit   'safe-push-apply': [ '1.0.0' ],
626 silly audit   'safe-regex-test': [ '1.1.0' ],
626 silly audit   'set-proto': [ '1.0.0' ],
626 silly audit   'stop-iteration-iterator': [ '1.1.0' ],
626 silly audit   'string.prototype.trim': [ '1.2.10' ],
626 silly audit   'string.prototype.trimend': [ '1.0.9' ],
626 silly audit   'string.prototype.trimstart': [ '1.0.8' ],
626 silly audit   'typed-array-buffer': [ '1.0.3' ],
626 silly audit   'typed-array-byte-length': [ '1.0.3' ],
626 silly audit   'typed-array-byte-offset': [ '1.0.4' ],
626 silly audit   'typed-array-length': [ '1.0.7' ],
626 silly audit   'unbox-primitive': [ '1.1.0' ],
626 silly audit   'which-typed-array': [ '1.1.19' ],
626 silly audit   'possible-typed-array-names': [ '1.1.0' ],
626 silly audit   'iterator.prototype': [ '1.1.5' ],
626 silly audit   'is-date-object': [ '1.1.0' ],
626 silly audit   'is-symbol': [ '1.1.1' ],
626 silly audit   'functions-have-names': [ '1.2.3' ],
626 silly audit   'side-channel': [ '1.1.0' ],
626 silly audit   'set-function-name': [ '2.0.2' ],
626 silly audit   'array.prototype.flat': [ '1.3.3' ],
626 silly audit   'loose-envify': [ '1.4.0' ],
626 silly audit   'object-assign': [ '4.1.1' ],
626 silly audit   'is-core-module': [ '2.16.1' ],
626 silly audit   'path-parse': [ '1.0.7' ],
626 silly audit   'supports-preserve-symlinks-flag': [ '1.0.0' ],
626 silly audit   isarray: [ '2.0.5' ],
626 silly audit   'side-channel-list': [ '1.0.0' ],
626 silly audit   'side-channel-map': [ '1.0.1' ],
626 silly audit   'side-channel-weakmap': [ '1.0.2' ],
626 silly audit   'for-each': [ '0.3.5' ],
626 silly audit   'reflect.getprototypeof': [ '1.0.10' ],
626 silly audit   'which-builtin-type': [ '1.2.1' ],
626 silly audit   'has-bigints': [ '1.1.0' ],
626 silly audit   'which-boxed-primitive': [ '1.1.1' ],
626 silly audit   'is-bigint': [ '1.1.0' ],
626 silly audit   'is-boolean-object': [ '1.2.2' ],
626 silly audit   'is-number-object': [ '1.1.1' ],
626 silly audit   'is-async-function': [ '2.1.1' ],
626 silly audit   'is-finalizationregistry': [ '1.1.1' ],
626 silly audit   'is-generator-function': [ '1.1.2' ],
626 silly audit   'which-collection': [ '1.0.2' ],
626 silly audit   'async-function': [ '1.0.0' ],
626 silly audit   'generator-function': [ '2.0.1' ],
626 silly audit   'is-map': [ '2.0.3' ],
626 silly audit   'is-weakmap': [ '2.0.2' ],
626 silly audit   'is-weakset': [ '2.0.4' ]
626 silly audit }
627 verbose reify failed optional dependency /Users/arpitmishra/Desktop/StockTracker/node_modules/@rollup/rollup-win32-x64-msvc
628 silly reify mark deleted [
628 silly reify   '/Users/arpitmishra/Desktop/StockTracker/node_modules/@rollup/rollup-win32-x64-msvc'
628 silly reify ]
629 verbose reify failed optional dependency /Users/arpitmishra/Desktop/StockTracker/node_modules/@rollup/rollup-win32-x64-gnu
630 silly reify mark deleted [
630 silly reify   '/Users/arpitmishra/Desktop/StockTracker/node_modules/@rollup/rollup-win32-x64-gnu'
630 silly reify ]
631 verbose reify failed optional dependency /Users/arpitmishra/Desktop/StockTracker/node_modules/@rollup/rollup-win32-ia32-msvc
632 silly reify mark deleted [
632 silly reify   '/Users/arpitmishra/Desktop/StockTracker/node_modules/@rollup/rollup-win32-ia32-msvc'
632 silly reify ]
633 verbose reify failed optional dependency /Users/arpitmishra/Desktop/StockTracker/node_modules/@rollup/rollup-win32-arm64-msvc
634 silly reify mark deleted [
634 silly reify   '/Users/arpitmishra/Desktop/StockTracker/node_modules/@rollup/rollup-win32-arm64-msvc'
634 silly reify ]
635 verbose reify failed optional dependency /Users/arpitmishra/Desktop/StockTracker/node_modules/@rollup/rollup-openharmony-arm64
636 silly reify mark deleted [
636 silly reify   '/Users/arpitmishra/Desktop/StockTracker/node_modules/@rollup/rollup-openharmony-arm64'
636 silly reify ]
637 verbose reify failed optional dependency /Users/arpitmishra/Desktop/StockTracker/node_modules/@rollup/rollup-linux-x64-musl
638 silly reify mark deleted [
638 silly reify   '/Users/arpitmishra/Desktop/StockTracker/node_modules/@rollup/rollup-linux-x64-musl'
638 silly reify ]
639 verbose reify failed optional dependency /Users/arpitmishra/Desktop/StockTracker/node_modules/@rollup/rollup-linux-x64-gnu
640 silly reify mark deleted [
640 silly reify   '/Users/arpitmishra/Desktop/StockTracker/node_modules/@rollup/rollup-linux-x64-gnu'
640 silly reify ]
641 verbose reify failed optional dependency /Users/arpitmishra/Desktop/StockTracker/node_modules/@rollup/rollup-linux-s390x-gnu
642 silly reify mark deleted [
642 silly reify   '/Users/arpitmishra/Desktop/StockTracker/node_modules/@rollup/rollup-linux-s390x-gnu'
642 silly reify ]
643 verbose reify failed optional dependency /Users/arpitmishra/Desktop/StockTracker/node_modules/@rollup/rollup-linux-riscv64-musl
644 silly reify mark deleted [
644 silly reify   '/Users/arpitmishra/Desktop/StockTracker/node_modules/@rollup/rollup-linux-riscv64-musl'
644 silly reify ]
645 verbose reify failed optional dependency /Users/arpitmishra/Desktop/StockTracker/node_modules/@rollup/rollup-linux-riscv64-gnu
646 silly reify mark deleted [
646 silly reify   '/Users/arpitmishra/Desktop/StockTracker/node_modules/@rollup/rollup-linux-riscv64-gnu'
646 silly reify ]
647 verbose reify failed optional dependency /Users/arpitmishra/Desktop/StockTracker/node_modules/@rollup/rollup-linux-ppc64-gnu
648 silly reify mark deleted [
648 silly reify   '/Users/arpitmishra/Desktop/StockTracker/node_modules/@rollup/rollup-linux-ppc64-gnu'
648 silly reify ]
649 verbose reify failed optional dependency /Users/arpitmishra/Desktop/StockTracker/node_modules/@rollup/rollup-linux-loong64-gnu
650 silly reify mark deleted [
650 silly reify   '/Users/arpitmishra/Desktop/StockTracker/node_modules/@rollup/rollup-linux-loong64-gnu'
650 silly reify ]
651 verbose reify failed optional dependency /Users/arpitmishra/Desktop/StockTracker/node_modules/@rollup/rollup-linux-arm64-musl
652 silly reify mark deleted [
652 silly reify   '/Users/arpitmishra/Desktop/StockTracker/node_modules/@rollup/rollup-linux-arm64-musl'
652 silly reify ]
653 verbose reify failed optional dependency /Users/arpitmishra/Desktop/StockTracker/node_modules/@rollup/rollup-linux-arm64-gnu
654 silly reify mark deleted [
654 silly reify   '/Users/arpitmishra/Desktop/StockTracker/node_modules/@rollup/rollup-linux-arm64-gnu'
654 silly reify ]
655 verbose reify failed optional dependency /Users/arpitmishra/Desktop/StockTracker/node_modules/@rollup/rollup-linux-arm-musleabihf
656 silly reify mark deleted [
656 silly reify   '/Users/arpitmishra/Desktop/StockTracker/node_modules/@rollup/rollup-linux-arm-musleabihf'
656 silly reify ]
657 verbose reify failed optional dependency /Users/arpitmishra/Desktop/StockTracker/node_modules/@rollup/rollup-linux-arm-gnueabihf
658 silly reify mark deleted [
658 silly reify   '/Users/arpitmishra/Desktop/StockTracker/node_modules/@rollup/rollup-linux-arm-gnueabihf'
658 silly reify ]
659 verbose reify failed optional dependency /Users/arpitmishra/Desktop/StockTracker/node_modules/@rollup/rollup-freebsd-x64
660 silly reify mark deleted [
660 silly reify   '/Users/arpitmishra/Desktop/StockTracker/node_modules/@rollup/rollup-freebsd-x64'
660 silly reify ]
661 verbose reify failed optional dependency /Users/arpitmishra/Desktop/StockTracker/node_modules/@rollup/rollup-freebsd-arm64
662 silly reify mark deleted [
662 silly reify   '/Users/arpitmishra/Desktop/StockTracker/node_modules/@rollup/rollup-freebsd-arm64'
662 silly reify ]
663 verbose reify failed optional dependency /Users/arpitmishra/Desktop/StockTracker/node_modules/@rollup/rollup-darwin-x64
664 silly reify mark deleted [
664 silly reify   '/Users/arpitmishra/Desktop/StockTracker/node_modules/@rollup/rollup-darwin-x64'
664 silly reify ]
665 verbose reify failed optional dependency /Users/arpitmishra/Desktop/StockTracker/node_modules/@rollup/rollup-android-arm64
666 silly reify mark deleted [
666 silly reify   '/Users/arpitmishra/Desktop/StockTracker/node_modules/@rollup/rollup-android-arm64'
666 silly reify ]
667 verbose reify failed optional dependency /Users/arpitmishra/Desktop/StockTracker/node_modules/@rollup/rollup-android-arm-eabi
668 silly reify mark deleted [
668 silly reify   '/Users/arpitmishra/Desktop/StockTracker/node_modules/@rollup/rollup-android-arm-eabi'
668 silly reify ]
669 verbose reify failed optional dependency /Users/arpitmishra/Desktop/StockTracker/node_modules/@esbuild/win32-x64
670 silly reify mark deleted [
670 silly reify   '/Users/arpitmishra/Desktop/StockTracker/node_modules/@esbuild/win32-x64'
670 silly reify ]
671 verbose reify failed optional dependency /Users/arpitmishra/Desktop/StockTracker/node_modules/@esbuild/win32-ia32
672 silly reify mark deleted [
672 silly reify   '/Users/arpitmishra/Desktop/StockTracker/node_modules/@esbuild/win32-ia32'
672 silly reify ]
673 verbose reify failed optional dependency /Users/arpitmishra/Desktop/StockTracker/node_modules/@esbuild/win32-arm64
674 silly reify mark deleted [
674 silly reify   '/Users/arpitmishra/Desktop/StockTracker/node_modules/@esbuild/win32-arm64'
674 silly reify ]
675 verbose reify failed optional dependency /Users/arpitmishra/Desktop/StockTracker/node_modules/@esbuild/sunos-x64
676 silly reify mark deleted [
676 silly reify   '/Users/arpitmishra/Desktop/StockTracker/node_modules/@esbuild/sunos-x64'
676 silly reify ]
677 verbose reify failed optional dependency /Users/arpitmishra/Desktop/StockTracker/node_modules/@esbuild/openharmony-arm64
678 silly reify mark deleted [
678 silly reify   '/Users/arpitmishra/Desktop/StockTracker/node_modules/@esbuild/openharmony-arm64'
678 silly reify ]
679 verbose reify failed optional dependency /Users/arpitmishra/Desktop/StockTracker/node_modules/@esbuild/openbsd-x64
680 silly reify mark deleted [
680 silly reify   '/Users/arpitmishra/Desktop/StockTracker/node_modules/@esbuild/openbsd-x64'
680 silly reify ]
681 verbose reify failed optional dependency /Users/arpitmishra/Desktop/StockTracker/node_modules/@esbuild/openbsd-arm64
682 silly reify mark deleted [
682 silly reify   '/Users/arpitmishra/Desktop/StockTracker/node_modules/@esbuild/openbsd-arm64'
682 silly reify ]
683 verbose reify failed optional dependency /Users/arpitmishra/Desktop/StockTracker/node_modules/@esbuild/netbsd-x64
684 silly reify mark deleted [
684 silly reify   '/Users/arpitmishra/Desktop/StockTracker/node_modules/@esbuild/netbsd-x64'
684 silly reify ]
685 verbose reify failed optional dependency /Users/arpitmishra/Desktop/StockTracker/node_modules/@esbuild/netbsd-arm64
686 silly reify mark deleted [
686 silly reify   '/Users/arpitmishra/Desktop/StockTracker/node_modules/@esbuild/netbsd-arm64'
686 silly reify ]
687 verbose reify failed optional dependency /Users/arpitmishra/Desktop/StockTracker/node_modules/@esbuild/linux-x64
688 silly reify mark deleted [
688 silly reify   '/Users/arpitmishra/Desktop/StockTracker/node_modules/@esbuild/linux-x64'
688 silly reify ]
689 verbose reify failed optional dependency /Users/arpitmishra/Desktop/StockTracker/node_modules/@esbuild/linux-s390x
690 silly reify mark deleted [
690 silly reify   '/Users/arpitmishra/Desktop/StockTracker/node_modules/@esbuild/linux-s390x'
690 silly reify ]
691 verbose reify failed optional dependency /Users/arpitmishra/Desktop/StockTracker/node_modules/@esbuild/linux-riscv64
692 silly reify mark deleted [
692 silly reify   '/Users/arpitmishra/Desktop/StockTracker/node_modules/@esbuild/linux-riscv64'
692 silly reify ]
693 verbose reify failed optional dependency /Users/arpitmishra/Desktop/StockTracker/node_modules/@esbuild/linux-ppc64
694 silly reify mark deleted [
694 silly reify   '/Users/arpitmishra/Desktop/StockTracker/node_modules/@esbuild/linux-ppc64'
694 silly reify ]
695 verbose reify failed optional dependency /Users/arpitmishra/Desktop/StockTracker/node_modules/@esbuild/linux-mips64el
696 silly reify mark deleted [
696 silly reify   '/Users/arpitmishra/Desktop/StockTracker/node_modules/@esbuild/linux-mips64el'
696 silly reify ]
697 verbose reify failed optional dependency /Users/arpitmishra/Desktop/StockTracker/node_modules/@esbuild/linux-loong64
698 silly reify mark deleted [
698 silly reify   '/Users/arpitmishra/Desktop/StockTracker/node_modules/@esbuild/linux-loong64'
698 silly reify ]
699 verbose reify failed optional dependency /Users/arpitmishra/Desktop/StockTracker/node_modules/@esbuild/linux-ia32
700 silly reify mark deleted [
700 silly reify   '/Users/arpitmishra/Desktop/StockTracker/node_modules/@esbuild/linux-ia32'
700 silly reify ]
701 verbose reify failed optional dependency /Users/arpitmishra/Desktop/StockTracker/node_modules/@esbuild/linux-arm64
702 silly reify mark deleted [
702 silly reify   '/Users/arpitmishra/Desktop/StockTracker/node_modules/@esbuild/linux-arm64'
702 silly reify ]
703 verbose reify failed optional dependency /Users/arpitmishra/Desktop/StockTracker/node_modules/@esbuild/linux-arm
704 silly reify mark deleted [
704 silly reify   '/Users/arpitmishra/Desktop/StockTracker/node_modules/@esbuild/linux-arm'
704 silly reify ]
705 verbose reify failed optional dependency /Users/arpitmishra/Desktop/StockTracker/node_modules/@esbuild/freebsd-x64
706 silly reify mark deleted [
706 silly reify   '/Users/arpitmishra/Desktop/StockTracker/node_modules/@esbuild/freebsd-x64'
706 silly reify ]
707 verbose reify failed optional dependency /Users/arpitmishra/Desktop/StockTracker/node_modules/@esbuild/freebsd-arm64
708 silly reify mark deleted [
708 silly reify   '/Users/arpitmishra/Desktop/StockTracker/node_modules/@esbuild/freebsd-arm64'
708 silly reify ]
709 verbose reify failed optional dependency /Users/arpitmishra/Desktop/StockTracker/node_modules/@esbuild/darwin-x64
710 silly reify mark deleted [
710 silly reify   '/Users/arpitmishra/Desktop/StockTracker/node_modules/@esbuild/darwin-x64'
710 silly reify ]
711 verbose reify failed optional dependency /Users/arpitmishra/Desktop/StockTracker/node_modules/@esbuild/android-x64
712 silly reify mark deleted [
712 silly reify   '/Users/arpitmishra/Desktop/StockTracker/node_modules/@esbuild/android-x64'
712 silly reify ]
713 verbose reify failed optional dependency /Users/arpitmishra/Desktop/StockTracker/node_modules/@esbuild/android-arm64
714 silly reify mark deleted [
714 silly reify   '/Users/arpitmishra/Desktop/StockTracker/node_modules/@esbuild/android-arm64'
714 silly reify ]
715 verbose reify failed optional dependency /Users/arpitmishra/Desktop/StockTracker/node_modules/@esbuild/android-arm
716 silly reify mark deleted [
716 silly reify   '/Users/arpitmishra/Desktop/StockTracker/node_modules/@esbuild/android-arm'
716 silly reify ]
717 verbose reify failed optional dependency /Users/arpitmishra/Desktop/StockTracker/node_modules/@esbuild/aix-ppc64
718 silly reify mark deleted [
718 silly reify   '/Users/arpitmishra/Desktop/StockTracker/node_modules/@esbuild/aix-ppc64'
718 silly reify ]
719 http cache is-weakset@https://registry.npmjs.org/is-weakset/-/is-weakset-2.0.4.tgz 0ms (cache hit)
720 http cache is-map@https://registry.npmjs.org/is-map/-/is-map-2.0.3.tgz 0ms (cache hit)
721 http cache generator-function@https://registry.npmjs.org/generator-function/-/generator-function-2.0.1.tgz 0ms (cache hit)
722 http cache is-weakmap@https://registry.npmjs.org/is-weakmap/-/is-weakmap-2.0.2.tgz 0ms (cache hit)
723 http cache async-function@https://registry.npmjs.org/async-function/-/async-function-1.0.0.tgz 0ms (cache hit)
724 http cache which-collection@https://registry.npmjs.org/which-collection/-/which-collection-1.0.2.tgz 0ms (cache hit)
725 http cache is-finalizationregistry@https://registry.npmjs.org/is-finalizationregistry/-/is-finalizationregistry-1.1.1.tgz 0ms (cache hit)
726 http cache is-generator-function@https://registry.npmjs.org/is-generator-function/-/is-generator-function-1.1.2.tgz 0ms (cache hit)
727 http cache is-async-function@https://registry.npmjs.org/is-async-function/-/is-async-function-2.1.1.tgz 0ms (cache hit)
728 http cache is-number-object@https://registry.npmjs.org/is-number-object/-/is-number-object-1.1.1.tgz 0ms (cache hit)
729 http cache is-boolean-object@https://registry.npmjs.org/is-boolean-object/-/is-boolean-object-1.2.2.tgz 0ms (cache hit)
730 http cache is-bigint@https://registry.npmjs.org/is-bigint/-/is-bigint-1.1.0.tgz 0ms (cache hit)
731 http cache which-boxed-primitive@https://registry.npmjs.org/which-boxed-primitive/-/which-boxed-primitive-1.1.1.tgz 0ms (cache hit)
732 http cache which-builtin-type@https://registry.npmjs.org/which-builtin-type/-/which-builtin-type-1.2.1.tgz 0ms (cache hit)
733 http cache has-bigints@https://registry.npmjs.org/has-bigints/-/has-bigints-1.1.0.tgz 0ms (cache hit)
734 http cache reflect.getprototypeof@https://registry.npmjs.org/reflect.getprototypeof/-/reflect.getprototypeof-1.0.10.tgz 0ms (cache hit)
735 http cache for-each@https://registry.npmjs.org/for-each/-/for-each-0.3.5.tgz 0ms (cache hit)
736 http cache side-channel-map@https://registry.npmjs.org/side-channel-map/-/side-channel-map-1.0.1.tgz 0ms (cache hit)
737 http cache isarray@https://registry.npmjs.org/isarray/-/isarray-2.0.5.tgz 0ms (cache hit)
738 http cache side-channel-weakmap@https://registry.npmjs.org/side-channel-weakmap/-/side-channel-weakmap-1.0.2.tgz 0ms (cache hit)
739 http cache supports-preserve-symlinks-flag@https://registry.npmjs.org/supports-preserve-symlinks-flag/-/supports-preserve-symlinks-flag-1.0.0.tgz 0ms (cache hit)
740 http cache path-parse@https://registry.npmjs.org/path-parse/-/path-parse-1.0.7.tgz 0ms (cache hit)
741 http cache is-core-module@https://registry.npmjs.org/is-core-module/-/is-core-module-2.16.1.tgz 0ms (cache hit)
742 http cache object-assign@https://registry.npmjs.org/object-assign/-/object-assign-4.1.1.tgz 0ms (cache hit)
743 http cache loose-envify@https://registry.npmjs.org/loose-envify/-/loose-envify-1.4.0.tgz 0ms (cache hit)
744 http cache array.prototype.flat@https://registry.npmjs.org/array.prototype.flat/-/array.prototype.flat-1.3.3.tgz 0ms (cache hit)
745 http cache set-function-name@https://registry.npmjs.org/set-function-name/-/set-function-name-2.0.2.tgz 0ms (cache hit)
746 http cache side-channel@https://registry.npmjs.org/side-channel/-/side-channel-1.1.0.tgz 0ms (cache hit)
747 http cache functions-have-names@https://registry.npmjs.org/functions-have-names/-/functions-have-names-1.2.3.tgz 0ms (cache hit)
748 http cache is-date-object@https://registry.npmjs.org/is-date-object/-/is-date-object-1.1.0.tgz 0ms (cache hit)
749 http cache is-symbol@https://registry.npmjs.org/is-symbol/-/is-symbol-1.1.1.tgz 0ms (cache hit)
750 http cache possible-typed-array-names@https://registry.npmjs.org/possible-typed-array-names/-/possible-typed-array-names-1.1.0.tgz 0ms (cache hit)
751 http cache which-typed-array@https://registry.npmjs.org/which-typed-array/-/which-typed-array-1.1.19.tgz 0ms (cache hit)
752 http cache unbox-primitive@https://registry.npmjs.org/unbox-primitive/-/unbox-primitive-1.1.0.tgz 0ms (cache hit)
753 http cache typed-array-length@https://registry.npmjs.org/typed-array-length/-/typed-array-length-1.0.7.tgz 0ms (cache hit)
754 http cache iterator.prototype@https://registry.npmjs.org/iterator.prototype/-/iterator.prototype-1.1.5.tgz 0ms (cache hit)
755 http cache typed-array-byte-offset@https://registry.npmjs.org/typed-array-byte-offset/-/typed-array-byte-offset-1.0.4.tgz 0ms (cache hit)
756 http cache typed-array-byte-length@https://registry.npmjs.org/typed-array-byte-length/-/typed-array-byte-length-1.0.3.tgz 0ms (cache hit)
757 http cache typed-array-buffer@https://registry.npmjs.org/typed-array-buffer/-/typed-array-buffer-1.0.3.tgz 0ms (cache hit)
758 http cache side-channel-list@https://registry.npmjs.org/side-channel-list/-/side-channel-list-1.0.0.tgz 0ms (cache hit)
759 http cache string.prototype.trimstart@https://registry.npmjs.org/string.prototype.trimstart/-/string.prototype.trimstart-1.0.8.tgz 0ms (cache hit)
760 http cache string.prototype.trimend@https://registry.npmjs.org/string.prototype.trimend/-/string.prototype.trimend-1.0.9.tgz 0ms (cache hit)
761 http cache string.prototype.trim@https://registry.npmjs.org/string.prototype.trim/-/string.prototype.trim-1.2.10.tgz 0ms (cache hit)
762 http cache set-proto@https://registry.npmjs.org/set-proto/-/set-proto-1.0.0.tgz 0ms (cache hit)
763 http cache safe-push-apply@https://registry.npmjs.org/safe-push-apply/-/safe-push-apply-1.0.0.tgz 0ms (cache hit)
764 http cache safe-regex-test@https://registry.npmjs.org/safe-regex-test/-/safe-regex-test-1.1.0.tgz 0ms (cache hit)
765 http cache regexp.prototype.flags@https://registry.npmjs.org/regexp.prototype.flags/-/regexp.prototype.flags-1.5.4.tgz 0ms (cache hit)
766 http cache safe-array-concat@https://registry.npmjs.org/safe-array-concat/-/safe-array-concat-1.1.3.tgz 0ms (cache hit)
767 http cache stop-iteration-iterator@https://registry.npmjs.org/stop-iteration-iterator/-/stop-iteration-iterator-1.1.0.tgz 0ms (cache hit)
768 http cache own-keys@https://registry.npmjs.org/own-keys/-/own-keys-1.0.1.tgz 0ms (cache hit)
769 http cache object.assign@https://registry.npmjs.org/object.assign/-/object.assign-4.1.7.tgz 0ms (cache hit)
770 http cache object-inspect@https://registry.npmjs.org/object-inspect/-/object-inspect-1.13.4.tgz 0ms (cache hit)
771 http cache is-set@https://registry.npmjs.org/is-set/-/is-set-2.0.3.tgz 0ms (cache hit)
772 http cache is-regex@https://registry.npmjs.org/is-regex/-/is-regex-1.2.1.tgz 0ms (cache hit)
773 http cache is-negative-zero@https://registry.npmjs.org/is-negative-zero/-/is-negative-zero-2.0.3.tgz 0ms (cache hit)
774 http cache is-data-view@https://registry.npmjs.org/is-data-view/-/is-data-view-1.0.2.tgz 0ms (cache hit)
775 http cache is-callable@https://registry.npmjs.org/is-callable/-/is-callable-1.2.7.tgz 0ms (cache hit)
776 http cache is-typed-array@https://registry.npmjs.org/is-typed-array/-/is-typed-array-1.1.15.tgz 0ms (cache hit)
777 http cache is-array-buffer@https://registry.npmjs.org/is-array-buffer/-/is-array-buffer-3.0.5.tgz 0ms (cache hit)
778 http cache is-weakref@https://registry.npmjs.org/is-weakref/-/is-weakref-1.1.1.tgz 0ms (cache hit)
779 http cache is-shared-array-buffer@https://registry.npmjs.org/is-shared-array-buffer/-/is-shared-array-buffer-1.0.4.tgz 0ms (cache hit)
780 http cache has-proto@https://registry.npmjs.org/has-proto/-/has-proto-1.2.0.tgz 0ms (cache hit)
781 http cache globalthis@https://registry.npmjs.org/globalthis/-/globalthis-1.0.4.tgz 0ms (cache hit)
782 http cache get-symbol-description@https://registry.npmjs.org/get-symbol-description/-/get-symbol-description-1.1.0.tgz 0ms (cache hit)
783 http cache internal-slot@https://registry.npmjs.org/internal-slot/-/internal-slot-1.1.0.tgz 0ms (cache hit)
784 http cache data-view-byte-offset@https://registry.npmjs.org/data-view-byte-offset/-/data-view-byte-offset-1.0.1.tgz 0ms (cache hit)
785 http cache es-to-primitive@https://registry.npmjs.org/es-to-primitive/-/es-to-primitive-1.3.0.tgz 0ms (cache hit)
786 http cache function.prototype.name@https://registry.npmjs.org/function.prototype.name/-/function.prototype.name-1.1.8.tgz 0ms (cache hit)
787 http cache data-view-buffer@https://registry.npmjs.org/data-view-buffer/-/data-view-buffer-1.0.2.tgz 0ms (cache hit)
788 http cache available-typed-arrays@https://registry.npmjs.org/available-typed-arrays/-/available-typed-arrays-1.0.7.tgz 0ms (cache hit)
789 http cache arraybuffer.prototype.slice@https://registry.npmjs.org/arraybuffer.prototype.slice/-/arraybuffer.prototype.slice-1.0.4.tgz 0ms (cache hit)
790 http cache array-buffer-byte-length@https://registry.npmjs.org/array-buffer-byte-length/-/array-buffer-byte-length-1.0.2.tgz 0ms (cache hit)
791 http cache object-keys@https://registry.npmjs.org/object-keys/-/object-keys-1.1.1.tgz 0ms (cache hit)
792 http cache has-property-descriptors@https://registry.npmjs.org/has-property-descriptors/-/has-property-descriptors-1.0.2.tgz 0ms (cache hit)
793 http cache define-data-property@https://registry.npmjs.org/define-data-property/-/define-data-property-1.1.4.tgz 0ms (cache hit)
794 http cache set-function-length@https://registry.npmjs.org/set-function-length/-/set-function-length-1.2.2.tgz 0ms (cache hit)
795 http cache es-shim-unscopables@https://registry.npmjs.org/es-shim-unscopables/-/es-shim-unscopables-1.1.0.tgz 0ms (cache hit)
796 http cache data-view-byte-length@https://registry.npmjs.org/data-view-byte-length/-/data-view-byte-length-1.0.2.tgz 0ms (cache hit)
797 http cache is-string@https://registry.npmjs.org/is-string/-/is-string-1.1.1.tgz 0ms (cache hit)
798 http cache es-abstract@https://registry.npmjs.org/es-abstract/-/es-abstract-1.24.0.tgz 0ms (cache hit)
799 http cache define-properties@https://registry.npmjs.org/define-properties/-/define-properties-1.2.1.tgz 0ms (cache hit)
800 http cache call-bind@https://registry.npmjs.org/call-bind/-/call-bind-1.0.8.tgz 0ms (cache hit)
801 http cache string.prototype.repeat@https://registry.npmjs.org/string.prototype.repeat/-/string.prototype.repeat-1.0.0.tgz 0ms (cache hit)
802 http cache string.prototype.matchall@https://registry.npmjs.org/string.prototype.matchall/-/string.prototype.matchall-4.0.12.tgz 0ms (cache hit)
803 http cache resolve@https://registry.npmjs.org/resolve/-/resolve-2.0.0-next.5.tgz 0ms (cache hit)
804 http cache object.values@https://registry.npmjs.org/object.values/-/object.values-1.2.1.tgz 0ms (cache hit)
805 http cache object.fromentries@https://registry.npmjs.org/object.fromentries/-/object.fromentries-2.0.8.tgz 0ms (cache hit)
806 http cache object.entries@https://registry.npmjs.org/object.entries/-/object.entries-1.1.9.tgz 0ms (cache hit)
807 http cache call-bound@https://registry.npmjs.org/call-bound/-/call-bound-1.0.4.tgz 0ms (cache hit)
808 http cache prop-types@https://registry.npmjs.org/prop-types/-/prop-types-15.8.1.tgz 0ms (cache hit)
809 http cache jsx-ast-utils@https://registry.npmjs.org/jsx-ast-utils/-/jsx-ast-utils-3.3.5.tgz 0ms (cache hit)
810 http cache es-iterator-helpers@https://registry.npmjs.org/es-iterator-helpers/-/es-iterator-helpers-1.2.1.tgz 0ms (cache hit)
811 http cache array.prototype.findlast@https://registry.npmjs.org/array.prototype.findlast/-/array.prototype.findlast-1.2.5.tgz 0ms (cache hit)
812 http cache array.prototype.tosorted@https://registry.npmjs.org/array.prototype.tosorted/-/array.prototype.tosorted-1.1.4.tgz 0ms (cache hit)
813 http cache array-includes@https://registry.npmjs.org/array-includes/-/array-includes-3.1.9.tgz 0ms (cache hit)
814 http cache doctrine@https://registry.npmjs.org/doctrine/-/doctrine-2.1.0.tgz 0ms (cache hit)
815 http cache array.prototype.flatmap@https://registry.npmjs.org/array.prototype.flatmap/-/array.prototype.flatmap-1.3.3.tgz 0ms (cache hit)
816 http cache eslint-plugin-react@https://registry.npmjs.org/eslint-plugin-react/-/eslint-plugin-react-7.37.5.tgz 0ms (cache hit)
817 http cache fsevents@https://registry.npmjs.org/fsevents/-/fsevents-2.3.3.tgz 0ms (cache hit)
818 http cache react-is@https://registry.npmjs.org/react-is/-/react-is-16.13.1.tgz 0ms (cache hit)
819 silly tarball no local data for is-weakset@https://registry.npmjs.org/is-weakset/-/is-weakset-2.0.4.tgz. Extracting by manifest.
820 silly tarball no local data for generator-function@https://registry.npmjs.org/generator-function/-/generator-function-2.0.1.tgz. Extracting by manifest.
821 silly tarball no local data for is-weakmap@https://registry.npmjs.org/is-weakmap/-/is-weakmap-2.0.2.tgz. Extracting by manifest.
822 silly tarball no local data for async-function@https://registry.npmjs.org/async-function/-/async-function-1.0.0.tgz. Extracting by manifest.
823 silly tarball no local data for is-map@https://registry.npmjs.org/is-map/-/is-map-2.0.3.tgz. Extracting by manifest.
824 silly tarball no local data for which-collection@https://registry.npmjs.org/which-collection/-/which-collection-1.0.2.tgz. Extracting by manifest.
825 silly tarball no local data for is-finalizationregistry@https://registry.npmjs.org/is-finalizationregistry/-/is-finalizationregistry-1.1.1.tgz. Extracting by manifest.
826 silly tarball no local data for is-generator-function@https://registry.npmjs.org/is-generator-function/-/is-generator-function-1.1.2.tgz. Extracting by manifest.
827 silly tarball no local data for is-number-object@https://registry.npmjs.org/is-number-object/-/is-number-object-1.1.1.tgz. Extracting by manifest.
828 silly tarball no local data for is-async-function@https://registry.npmjs.org/is-async-function/-/is-async-function-2.1.1.tgz. Extracting by manifest.
829 silly tarball no local data for is-boolean-object@https://registry.npmjs.org/is-boolean-object/-/is-boolean-object-1.2.2.tgz. Extracting by manifest.
830 silly tarball no local data for which-boxed-primitive@https://registry.npmjs.org/which-boxed-primitive/-/which-boxed-primitive-1.1.1.tgz. Extracting by manifest.
831 silly tarball no local data for which-builtin-type@https://registry.npmjs.org/which-builtin-type/-/which-builtin-type-1.2.1.tgz. Extracting by manifest.
832 silly tarball no local data for is-bigint@https://registry.npmjs.org/is-bigint/-/is-bigint-1.1.0.tgz. Extracting by manifest.
833 silly tarball no local data for has-bigints@https://registry.npmjs.org/has-bigints/-/has-bigints-1.1.0.tgz. Extracting by manifest.
834 silly tarball no local data for reflect.getprototypeof@https://registry.npmjs.org/reflect.getprototypeof/-/reflect.getprototypeof-1.0.10.tgz. Extracting by manifest.
835 silly tarball no local data for for-each@https://registry.npmjs.org/for-each/-/for-each-0.3.5.tgz. Extracting by manifest.
836 silly tarball no local data for side-channel-map@https://registry.npmjs.org/side-channel-map/-/side-channel-map-1.0.1.tgz. Extracting by manifest.
837 silly tarball no local data for isarray@https://registry.npmjs.org/isarray/-/isarray-2.0.5.tgz. Extracting by manifest.
838 silly tarball no local data for side-channel-weakmap@https://registry.npmjs.org/side-channel-weakmap/-/side-channel-weakmap-1.0.2.tgz. Extracting by manifest.
839 silly tarball no local data for path-parse@https://registry.npmjs.org/path-parse/-/path-parse-1.0.7.tgz. Extracting by manifest.
840 silly tarball no local data for supports-preserve-symlinks-flag@https://registry.npmjs.org/supports-preserve-symlinks-flag/-/supports-preserve-symlinks-flag-1.0.0.tgz. Extracting by manifest.
841 silly tarball no local data for loose-envify@https://registry.npmjs.org/loose-envify/-/loose-envify-1.4.0.tgz. Extracting by manifest.
842 silly tarball no local data for is-core-module@https://registry.npmjs.org/is-core-module/-/is-core-module-2.16.1.tgz. Extracting by manifest.
843 silly tarball no local data for array.prototype.flat@https://registry.npmjs.org/array.prototype.flat/-/array.prototype.flat-1.3.3.tgz. Extracting by manifest.
844 silly tarball no local data for object-assign@https://registry.npmjs.org/object-assign/-/object-assign-4.1.1.tgz. Extracting by manifest.
845 silly tarball no local data for set-function-name@https://registry.npmjs.org/set-function-name/-/set-function-name-2.0.2.tgz. Extracting by manifest.
846 silly tarball no local data for side-channel@https://registry.npmjs.org/side-channel/-/side-channel-1.1.0.tgz. Extracting by manifest.
847 silly tarball no local data for is-date-object@https://registry.npmjs.org/is-date-object/-/is-date-object-1.1.0.tgz. Extracting by manifest.
848 silly tarball no local data for is-symbol@https://registry.npmjs.org/is-symbol/-/is-symbol-1.1.1.tgz. Extracting by manifest.
849 silly tarball no local data for functions-have-names@https://registry.npmjs.org/functions-have-names/-/functions-have-names-1.2.3.tgz. Extracting by manifest.
850 silly tarball no local data for possible-typed-array-names@https://registry.npmjs.org/possible-typed-array-names/-/possible-typed-array-names-1.1.0.tgz. Extracting by manifest.
851 silly tarball no local data for which-typed-array@https://registry.npmjs.org/which-typed-array/-/which-typed-array-1.1.19.tgz. Extracting by manifest.
852 silly tarball no local data for unbox-primitive@https://registry.npmjs.org/unbox-primitive/-/unbox-primitive-1.1.0.tgz. Extracting by manifest.
853 silly tarball no local data for typed-array-length@https://registry.npmjs.org/typed-array-length/-/typed-array-length-1.0.7.tgz. Extracting by manifest.
854 silly tarball no local data for iterator.prototype@https://registry.npmjs.org/iterator.prototype/-/iterator.prototype-1.1.5.tgz. Extracting by manifest.
855 silly tarball no local data for typed-array-byte-offset@https://registry.npmjs.org/typed-array-byte-offset/-/typed-array-byte-offset-1.0.4.tgz. Extracting by manifest.
856 silly tarball no local data for typed-array-byte-length@https://registry.npmjs.org/typed-array-byte-length/-/typed-array-byte-length-1.0.3.tgz. Extracting by manifest.
857 silly tarball no local data for typed-array-buffer@https://registry.npmjs.org/typed-array-buffer/-/typed-array-buffer-1.0.3.tgz. Extracting by manifest.
858 silly tarball no local data for side-channel-list@https://registry.npmjs.org/side-channel-list/-/side-channel-list-1.0.0.tgz. Extracting by manifest.
859 silly tarball no local data for string.prototype.trimstart@https://registry.npmjs.org/string.prototype.trimstart/-/string.prototype.trimstart-1.0.8.tgz. Extracting by manifest.
860 silly tarball no local data for string.prototype.trimend@https://registry.npmjs.org/string.prototype.trimend/-/string.prototype.trimend-1.0.9.tgz. Extracting by manifest.
861 silly tarball no local data for string.prototype.trim@https://registry.npmjs.org/string.prototype.trim/-/string.prototype.trim-1.2.10.tgz. Extracting by manifest.
862 silly tarball no local data for safe-push-apply@https://registry.npmjs.org/safe-push-apply/-/safe-push-apply-1.0.0.tgz. Extracting by manifest.
863 silly tarball no local data for safe-regex-test@https://registry.npmjs.org/safe-regex-test/-/safe-regex-test-1.1.0.tgz. Extracting by manifest.
864 silly tarball no local data for regexp.prototype.flags@https://registry.npmjs.org/regexp.prototype.flags/-/regexp.prototype.flags-1.5.4.tgz. Extracting by manifest.
865 silly tarball no local data for set-proto@https://registry.npmjs.org/set-proto/-/set-proto-1.0.0.tgz. Extracting by manifest.
866 silly tarball no local data for safe-array-concat@https://registry.npmjs.org/safe-array-concat/-/safe-array-concat-1.1.3.tgz. Extracting by manifest.
867 silly tarball no local data for stop-iteration-iterator@https://registry.npmjs.org/stop-iteration-iterator/-/stop-iteration-iterator-1.1.0.tgz. Extracting by manifest.
868 silly tarball no local data for own-keys@https://registry.npmjs.org/own-keys/-/own-keys-1.0.1.tgz. Extracting by manifest.
869 silly tarball no local data for object.assign@https://registry.npmjs.org/object.assign/-/object.assign-4.1.7.tgz. Extracting by manifest.
870 silly tarball no local data for object-inspect@https://registry.npmjs.org/object-inspect/-/object-inspect-1.13.4.tgz. Extracting by manifest.
871 silly tarball no local data for is-set@https://registry.npmjs.org/is-set/-/is-set-2.0.3.tgz. Extracting by manifest.
872 silly tarball no local data for is-regex@https://registry.npmjs.org/is-regex/-/is-regex-1.2.1.tgz. Extracting by manifest.
873 silly tarball no local data for is-negative-zero@https://registry.npmjs.org/is-negative-zero/-/is-negative-zero-2.0.3.tgz. Extracting by manifest.
874 silly tarball no local data for is-data-view@https://registry.npmjs.org/is-data-view/-/is-data-view-1.0.2.tgz. Extracting by manifest.
875 silly tarball no local data for is-typed-array@https://registry.npmjs.org/is-typed-array/-/is-typed-array-1.1.15.tgz. Extracting by manifest.
876 silly tarball no local data for is-weakref@https://registry.npmjs.org/is-weakref/-/is-weakref-1.1.1.tgz. Extracting by manifest.
877 silly tarball no local data for is-callable@https://registry.npmjs.org/is-callable/-/is-callable-1.2.7.tgz. Extracting by manifest.
878 silly tarball no local data for is-shared-array-buffer@https://registry.npmjs.org/is-shared-array-buffer/-/is-shared-array-buffer-1.0.4.tgz. Extracting by manifest.
879 silly tarball no local data for has-proto@https://registry.npmjs.org/has-proto/-/has-proto-1.2.0.tgz. Extracting by manifest.
880 silly tarball no local data for is-array-buffer@https://registry.npmjs.org/is-array-buffer/-/is-array-buffer-3.0.5.tgz. Extracting by manifest.
881 silly tarball no local data for globalthis@https://registry.npmjs.org/globalthis/-/globalthis-1.0.4.tgz. Extracting by manifest.
882 silly tarball no local data for data-view-byte-offset@https://registry.npmjs.org/data-view-byte-offset/-/data-view-byte-offset-1.0.1.tgz. Extracting by manifest.
883 silly tarball no local data for get-symbol-description@https://registry.npmjs.org/get-symbol-description/-/get-symbol-description-1.1.0.tgz. Extracting by manifest.
884 silly tarball no local data for internal-slot@https://registry.npmjs.org/internal-slot/-/internal-slot-1.1.0.tgz. Extracting by manifest.
885 silly tarball no local data for es-to-primitive@https://registry.npmjs.org/es-to-primitive/-/es-to-primitive-1.3.0.tgz. Extracting by manifest.
886 silly tarball no local data for function.prototype.name@https://registry.npmjs.org/function.prototype.name/-/function.prototype.name-1.1.8.tgz. Extracting by manifest.
887 silly tarball no local data for data-view-buffer@https://registry.npmjs.org/data-view-buffer/-/data-view-buffer-1.0.2.tgz. Extracting by manifest.
888 silly tarball no local data for available-typed-arrays@https://registry.npmjs.org/available-typed-arrays/-/available-typed-arrays-1.0.7.tgz. Extracting by manifest.
889 silly tarball no local data for arraybuffer.prototype.slice@https://registry.npmjs.org/arraybuffer.prototype.slice/-/arraybuffer.prototype.slice-1.0.4.tgz. Extracting by manifest.
890 silly tarball no local data for array-buffer-byte-length@https://registry.npmjs.org/array-buffer-byte-length/-/array-buffer-byte-length-1.0.2.tgz. Extracting by manifest.
891 silly tarball no local data for object-keys@https://registry.npmjs.org/object-keys/-/object-keys-1.1.1.tgz. Extracting by manifest.
892 silly tarball no local data for has-property-descriptors@https://registry.npmjs.org/has-property-descriptors/-/has-property-descriptors-1.0.2.tgz. Extracting by manifest.
893 silly tarball no local data for define-data-property@https://registry.npmjs.org/define-data-property/-/define-data-property-1.1.4.tgz. Extracting by manifest.
894 silly tarball no local data for set-function-length@https://registry.npmjs.org/set-function-length/-/set-function-length-1.2.2.tgz. Extracting by manifest.
895 silly tarball no local data for es-shim-unscopables@https://registry.npmjs.org/es-shim-unscopables/-/es-shim-unscopables-1.1.0.tgz. Extracting by manifest.
896 silly tarball no local data for data-view-byte-length@https://registry.npmjs.org/data-view-byte-length/-/data-view-byte-length-1.0.2.tgz. Extracting by manifest.
897 silly tarball no local data for is-string@https://registry.npmjs.org/is-string/-/is-string-1.1.1.tgz. Extracting by manifest.
898 silly tarball no local data for es-abstract@https://registry.npmjs.org/es-abstract/-/es-abstract-1.24.0.tgz. Extracting by manifest.
899 silly tarball no local data for define-properties@https://registry.npmjs.org/define-properties/-/define-properties-1.2.1.tgz. Extracting by manifest.
900 silly tarball no local data for call-bind@https://registry.npmjs.org/call-bind/-/call-bind-1.0.8.tgz. Extracting by manifest.
901 silly tarball no local data for string.prototype.repeat@https://registry.npmjs.org/string.prototype.repeat/-/string.prototype.repeat-1.0.0.tgz. Extracting by manifest.
902 silly tarball no local data for string.prototype.matchall@https://registry.npmjs.org/string.prototype.matchall/-/string.prototype.matchall-4.0.12.tgz. Extracting by manifest.
903 silly tarball no local data for resolve@https://registry.npmjs.org/resolve/-/resolve-2.0.0-next.5.tgz. Extracting by manifest.
904 silly tarball no local data for object.fromentries@https://registry.npmjs.org/object.fromentries/-/object.fromentries-2.0.8.tgz. Extracting by manifest.
905 silly tarball no local data for object.entries@https://registry.npmjs.org/object.entries/-/object.entries-1.1.9.tgz. Extracting by manifest.
906 silly tarball no local data for object.values@https://registry.npmjs.org/object.values/-/object.values-1.2.1.tgz. Extracting by manifest.
907 silly tarball no local data for prop-types@https://registry.npmjs.org/prop-types/-/prop-types-15.8.1.tgz. Extracting by manifest.
908 silly tarball no local data for jsx-ast-utils@https://registry.npmjs.org/jsx-ast-utils/-/jsx-ast-utils-3.3.5.tgz. Extracting by manifest.
909 silly tarball no local data for call-bound@https://registry.npmjs.org/call-bound/-/call-bound-1.0.4.tgz. Extracting by manifest.
910 silly tarball no local data for es-iterator-helpers@https://registry.npmjs.org/es-iterator-helpers/-/es-iterator-helpers-1.2.1.tgz. Extracting by manifest.
911 silly tarball no local data for array.prototype.findlast@https://registry.npmjs.org/array.prototype.findlast/-/array.prototype.findlast-1.2.5.tgz. Extracting by manifest.
912 silly tarball no local data for array.prototype.tosorted@https://registry.npmjs.org/array.prototype.tosorted/-/array.prototype.tosorted-1.1.4.tgz. Extracting by manifest.
913 silly tarball no local data for array-includes@https://registry.npmjs.org/array-includes/-/array-includes-3.1.9.tgz. Extracting by manifest.
914 silly tarball no local data for array.prototype.flatmap@https://registry.npmjs.org/array.prototype.flatmap/-/array.prototype.flatmap-1.3.3.tgz. Extracting by manifest.
915 silly tarball no local data for eslint-plugin-react@https://registry.npmjs.org/eslint-plugin-react/-/eslint-plugin-react-7.37.5.tgz. Extracting by manifest.
916 silly tarball no local data for doctrine@https://registry.npmjs.org/doctrine/-/doctrine-2.1.0.tgz. Extracting by manifest.
917 silly tarball no local data for react-is@https://registry.npmjs.org/react-is/-/react-is-16.13.1.tgz. Extracting by manifest.
918 http fetch GET 200 https://registry.npmjs.org/generator-function/-/generator-function-2.0.1.tgz 71ms (cache miss)
919 http fetch GET 200 https://registry.npmjs.org/is-map/-/is-map-2.0.3.tgz 72ms (cache miss)
920 http fetch GET 200 https://registry.npmjs.org/is-weakmap/-/is-weakmap-2.0.2.tgz 77ms (cache miss)
921 http fetch GET 200 https://registry.npmjs.org/is-weakset/-/is-weakset-2.0.4.tgz 77ms (cache miss)
922 http fetch GET 200 https://registry.npmjs.org/async-function/-/async-function-1.0.0.tgz 80ms (cache miss)
923 http fetch GET 200 https://registry.npmjs.org/has-bigints/-/has-bigints-1.1.0.tgz 102ms (cache miss)
924 http fetch GET 200 https://registry.npmjs.org/which-collection/-/which-collection-1.0.2.tgz 103ms (cache miss)
925 http fetch GET 200 https://registry.npmjs.org/reflect.getprototypeof/-/reflect.getprototypeof-1.0.10.tgz 113ms (cache miss)
926 http fetch GET 200 https://registry.npmjs.org/isarray/-/isarray-2.0.5.tgz 136ms (cache miss)
927 http fetch GET 200 https://registry.npmjs.org/path-parse/-/path-parse-1.0.7.tgz 145ms (cache miss)
928 http fetch GET 200 https://registry.npmjs.org/for-each/-/for-each-0.3.5.tgz 146ms (cache miss)
929 http fetch GET 200 https://registry.npmjs.org/is-boolean-object/-/is-boolean-object-1.2.2.tgz 152ms (cache miss)
930 http fetch GET 200 https://registry.npmjs.org/is-generator-function/-/is-generator-function-1.1.2.tgz 155ms (cache miss)
931 http fetch GET 200 https://registry.npmjs.org/side-channel-map/-/side-channel-map-1.0.1.tgz 155ms (cache miss)
932 http fetch GET 200 https://registry.npmjs.org/is-number-object/-/is-number-object-1.1.1.tgz 156ms (cache miss)
933 http fetch GET 200 https://registry.npmjs.org/is-async-function/-/is-async-function-2.1.1.tgz 156ms (cache miss)
934 http fetch GET 200 https://registry.npmjs.org/supports-preserve-symlinks-flag/-/supports-preserve-symlinks-flag-1.0.0.tgz 170ms (cache miss)
935 http fetch GET 200 https://registry.npmjs.org/side-channel-weakmap/-/side-channel-weakmap-1.0.2.tgz 176ms (cache miss)
936 http fetch GET 200 https://registry.npmjs.org/is-finalizationregistry/-/is-finalizationregistry-1.1.1.tgz 184ms (cache miss)
937 http fetch GET 200 https://registry.npmjs.org/loose-envify/-/loose-envify-1.4.0.tgz 187ms (cache miss)
938 http fetch GET 200 https://registry.npmjs.org/object-assign/-/object-assign-4.1.1.tgz 219ms (cache miss)
939 http fetch GET 200 https://registry.npmjs.org/is-core-module/-/is-core-module-2.16.1.tgz 223ms (cache miss)
940 http fetch GET 200 https://registry.npmjs.org/array.prototype.flat/-/array.prototype.flat-1.3.3.tgz 223ms (cache miss)
941 http fetch GET 200 https://registry.npmjs.org/set-function-name/-/set-function-name-2.0.2.tgz 227ms (cache miss)
942 http fetch GET 200 https://registry.npmjs.org/which-builtin-type/-/which-builtin-type-1.2.1.tgz 228ms (cache miss)
943 http fetch GET 200 https://registry.npmjs.org/side-channel/-/side-channel-1.1.0.tgz 227ms (cache miss)
944 http fetch GET 200 https://registry.npmjs.org/which-boxed-primitive/-/which-boxed-primitive-1.1.1.tgz 229ms (cache miss)
945 http fetch GET 200 https://registry.npmjs.org/is-bigint/-/is-bigint-1.1.0.tgz 230ms (cache miss)
946 http fetch GET 200 https://registry.npmjs.org/is-date-object/-/is-date-object-1.1.0.tgz 229ms (cache miss)
947 http fetch GET 200 https://registry.npmjs.org/is-symbol/-/is-symbol-1.1.1.tgz 228ms (cache miss)
948 http fetch GET 200 https://registry.npmjs.org/functions-have-names/-/functions-have-names-1.2.3.tgz 228ms (cache miss)
949 http fetch GET 200 https://registry.npmjs.org/typed-array-length/-/typed-array-length-1.0.7.tgz 239ms (cache miss)
950 http fetch GET 200 https://registry.npmjs.org/possible-typed-array-names/-/possible-typed-array-names-1.1.0.tgz 250ms (cache miss)
951 http fetch GET 200 https://registry.npmjs.org/iterator.prototype/-/iterator.prototype-1.1.5.tgz 253ms (cache miss)
952 http fetch GET 200 https://registry.npmjs.org/which-typed-array/-/which-typed-array-1.1.19.tgz 254ms (cache miss)
953 http fetch GET 200 https://registry.npmjs.org/typed-array-byte-length/-/typed-array-byte-length-1.0.3.tgz 257ms (cache miss)
954 http fetch GET 200 https://registry.npmjs.org/typed-array-byte-offset/-/typed-array-byte-offset-1.0.4.tgz 257ms (cache miss)
955 http fetch GET 200 https://registry.npmjs.org/string.prototype.trimstart/-/string.prototype.trimstart-1.0.8.tgz 259ms (cache miss)
956 http fetch GET 200 https://registry.npmjs.org/unbox-primitive/-/unbox-primitive-1.1.0.tgz 260ms (cache miss)
957 http fetch GET 200 https://registry.npmjs.org/typed-array-buffer/-/typed-array-buffer-1.0.3.tgz 261ms (cache miss)
958 http fetch GET 200 https://registry.npmjs.org/safe-push-apply/-/safe-push-apply-1.0.0.tgz 260ms (cache miss)
959 http fetch GET 200 https://registry.npmjs.org/string.prototype.trim/-/string.prototype.trim-1.2.10.tgz 281ms (cache miss)
960 http fetch GET 200 https://registry.npmjs.org/safe-regex-test/-/safe-regex-test-1.1.0.tgz 281ms (cache miss)
961 http fetch GET 200 https://registry.npmjs.org/side-channel-list/-/side-channel-list-1.0.0.tgz 282ms (cache miss)
962 http fetch GET 200 https://registry.npmjs.org/string.prototype.trimend/-/string.prototype.trimend-1.0.9.tgz 283ms (cache miss)
963 http fetch GET 200 https://registry.npmjs.org/regexp.prototype.flags/-/regexp.prototype.flags-1.5.4.tgz 284ms (cache miss)
964 http fetch GET 200 https://registry.npmjs.org/safe-array-concat/-/safe-array-concat-1.1.3.tgz 298ms (cache miss)
965 http fetch GET 200 https://registry.npmjs.org/set-proto/-/set-proto-1.0.0.tgz 298ms (cache miss)
966 http fetch GET 200 https://registry.npmjs.org/object.assign/-/object.assign-4.1.7.tgz 298ms (cache miss)
967 http fetch GET 200 https://registry.npmjs.org/stop-iteration-iterator/-/stop-iteration-iterator-1.1.0.tgz 306ms (cache miss)
968 http fetch GET 200 https://registry.npmjs.org/is-negative-zero/-/is-negative-zero-2.0.3.tgz 305ms (cache miss)
969 http fetch GET 200 https://registry.npmjs.org/own-keys/-/own-keys-1.0.1.tgz 305ms (cache miss)
970 http fetch GET 200 https://registry.npmjs.org/is-set/-/is-set-2.0.3.tgz 316ms (cache miss)
971 http fetch GET 200 https://registry.npmjs.org/is-regex/-/is-regex-1.2.1.tgz 317ms (cache miss)
972 http fetch GET 200 https://registry.npmjs.org/object-inspect/-/object-inspect-1.13.4.tgz 318ms (cache miss)
973 http fetch GET 200 https://registry.npmjs.org/is-weakref/-/is-weakref-1.1.1.tgz 324ms (cache miss)
974 http fetch GET 200 https://registry.npmjs.org/get-symbol-description/-/get-symbol-description-1.1.0.tgz 349ms (cache miss)
975 http fetch GET 200 https://registry.npmjs.org/is-shared-array-buffer/-/is-shared-array-buffer-1.0.4.tgz 349ms (cache miss)
976 http fetch GET 200 https://registry.npmjs.org/is-data-view/-/is-data-view-1.0.2.tgz 353ms (cache miss)
977 http fetch GET 200 https://registry.npmjs.org/is-typed-array/-/is-typed-array-1.1.15.tgz 354ms (cache miss)
978 http fetch GET 200 https://registry.npmjs.org/has-proto/-/has-proto-1.2.0.tgz 354ms (cache miss)
979 http fetch GET 200 https://registry.npmjs.org/is-callable/-/is-callable-1.2.7.tgz 357ms (cache miss)
980 http fetch GET 200 https://registry.npmjs.org/data-view-byte-offset/-/data-view-byte-offset-1.0.1.tgz 358ms (cache miss)
981 http fetch GET 200 https://registry.npmjs.org/internal-slot/-/internal-slot-1.1.0.tgz 359ms (cache miss)
982 http fetch GET 200 https://registry.npmjs.org/is-array-buffer/-/is-array-buffer-3.0.5.tgz 359ms (cache miss)
983 http fetch GET 200 https://registry.npmjs.org/globalthis/-/globalthis-1.0.4.tgz 360ms (cache miss)
984 http fetch POST 200 https://registry.npmjs.org/-/npm/v1/security/advisories/bulk 397ms
985 silly audit report {}
986 http fetch GET 200 https://registry.npmjs.org/data-view-buffer/-/data-view-buffer-1.0.2.tgz 373ms (cache miss)
987 http fetch GET 200 https://registry.npmjs.org/function.prototype.name/-/function.prototype.name-1.1.8.tgz 375ms (cache miss)
988 http fetch GET 200 https://registry.npmjs.org/es-to-primitive/-/es-to-primitive-1.3.0.tgz 387ms (cache miss)
989 http fetch GET 200 https://registry.npmjs.org/has-property-descriptors/-/has-property-descriptors-1.0.2.tgz 409ms (cache miss)
990 http fetch GET 200 https://registry.npmjs.org/available-typed-arrays/-/available-typed-arrays-1.0.7.tgz 409ms (cache miss)
991 http fetch GET 200 https://registry.npmjs.org/define-data-property/-/define-data-property-1.1.4.tgz 412ms (cache miss)
992 http fetch GET 200 https://registry.npmjs.org/es-shim-unscopables/-/es-shim-unscopables-1.1.0.tgz 412ms (cache miss)
993 http fetch GET 200 https://registry.npmjs.org/data-view-byte-length/-/data-view-byte-length-1.0.2.tgz 413ms (cache miss)
994 http fetch GET 200 https://registry.npmjs.org/object-keys/-/object-keys-1.1.1.tgz 415ms (cache miss)
995 http fetch GET 200 https://registry.npmjs.org/array-buffer-byte-length/-/array-buffer-byte-length-1.0.2.tgz 415ms (cache miss)
996 http fetch GET 200 https://registry.npmjs.org/set-function-length/-/set-function-length-1.2.2.tgz 415ms (cache miss)
997 http fetch GET 200 https://registry.npmjs.org/arraybuffer.prototype.slice/-/arraybuffer.prototype.slice-1.0.4.tgz 415ms (cache miss)
998 http fetch GET 200 https://registry.npmjs.org/is-string/-/is-string-1.1.1.tgz 419ms (cache miss)
999 http fetch GET 200 https://registry.npmjs.org/define-properties/-/define-properties-1.2.1.tgz 433ms (cache miss)
1000 http fetch GET 200 https://registry.npmjs.org/string.prototype.repeat/-/string.prototype.repeat-1.0.0.tgz 443ms (cache miss)
1001 http fetch GET 200 https://registry.npmjs.org/call-bind/-/call-bind-1.0.8.tgz 446ms (cache miss)
1002 http fetch GET 200 https://registry.npmjs.org/object.entries/-/object.entries-1.1.9.tgz 463ms (cache miss)
1003 http fetch GET 200 https://registry.npmjs.org/object.fromentries/-/object.fromentries-2.0.8.tgz 464ms (cache miss)
1004 http fetch GET 200 https://registry.npmjs.org/object.values/-/object.values-1.2.1.tgz 464ms (cache miss)
1005 http fetch GET 200 https://registry.npmjs.org/string.prototype.matchall/-/string.prototype.matchall-4.0.12.tgz 470ms (cache miss)
1006 http fetch GET 200 https://registry.npmjs.org/prop-types/-/prop-types-15.8.1.tgz 472ms (cache miss)
1007 http fetch GET 200 https://registry.npmjs.org/call-bound/-/call-bound-1.0.4.tgz 478ms (cache miss)
1008 http fetch GET 200 https://registry.npmjs.org/array.prototype.tosorted/-/array.prototype.tosorted-1.1.4.tgz 478ms (cache miss)
1009 http fetch GET 200 https://registry.npmjs.org/array.prototype.flatmap/-/array.prototype.flatmap-1.3.3.tgz 529ms (cache miss)
1010 http fetch GET 200 https://registry.npmjs.org/react-is/-/react-is-16.13.1.tgz 527ms (cache miss)
1011 http fetch GET 200 https://registry.npmjs.org/array.prototype.findlast/-/array.prototype.findlast-1.2.5.tgz 532ms (cache miss)
1012 http fetch GET 200 https://registry.npmjs.org/array-includes/-/array-includes-3.1.9.tgz 532ms (cache miss)
1013 http fetch GET 200 https://registry.npmjs.org/doctrine/-/doctrine-2.1.0.tgz 538ms (cache miss)
1014 http fetch GET 200 https://registry.npmjs.org/jsx-ast-utils/-/jsx-ast-utils-3.3.5.tgz 558ms (cache miss)
1015 http fetch GET 200 https://registry.npmjs.org/es-iterator-helpers/-/es-iterator-helpers-1.2.1.tgz 587ms (cache miss)
1016 http fetch GET 200 https://registry.npmjs.org/resolve/-/resolve-2.0.0-next.5.tgz 593ms (cache miss)
1017 http fetch GET 200 https://registry.npmjs.org/eslint-plugin-react/-/eslint-plugin-react-7.37.5.tgz 655ms (cache miss)
1018 http fetch GET 200 https://registry.npmjs.org/es-abstract/-/es-abstract-1.24.0.tgz 995ms (cache miss)
1019 silly ADD node_modules/is-weakset
1020 silly ADD node_modules/is-weakmap
1021 silly ADD node_modules/is-map
1022 silly ADD node_modules/generator-function
1023 silly ADD node_modules/async-function
1024 silly ADD node_modules/which-collection
1025 silly ADD node_modules/is-generator-function
1026 silly ADD node_modules/is-finalizationregistry
1027 silly ADD node_modules/is-async-function
1028 silly ADD node_modules/is-number-object
1029 silly ADD node_modules/is-boolean-object
1030 silly ADD node_modules/is-bigint
1031 silly ADD node_modules/which-boxed-primitive
1032 silly ADD node_modules/has-bigints
1033 silly ADD node_modules/which-builtin-type
1034 silly ADD node_modules/reflect.getprototypeof
1035 silly ADD node_modules/for-each
1036 silly ADD node_modules/side-channel-weakmap
1037 silly ADD node_modules/side-channel-map
1038 silly ADD node_modules/side-channel-list
1039 silly ADD node_modules/isarray
1040 silly ADD node_modules/supports-preserve-symlinks-flag
1041 silly ADD node_modules/path-parse
1042 silly ADD node_modules/is-core-module
1043 silly ADD node_modules/object-assign
1044 silly ADD node_modules/loose-envify
1045 silly ADD node_modules/array.prototype.flat
1046 silly ADD node_modules/set-function-name
1047 silly ADD node_modules/side-channel
1048 silly ADD node_modules/functions-have-names
1049 silly ADD node_modules/is-symbol
1050 silly ADD node_modules/is-date-object
1051 silly ADD node_modules/iterator.prototype
1052 silly ADD node_modules/possible-typed-array-names
1053 silly ADD node_modules/which-typed-array
1054 silly ADD node_modules/unbox-primitive
1055 silly ADD node_modules/typed-array-length
1056 silly ADD node_modules/typed-array-byte-offset
1057 silly ADD node_modules/typed-array-byte-length
1058 silly ADD node_modules/typed-array-buffer
1059 silly ADD node_modules/string.prototype.trimstart
1060 silly ADD node_modules/string.prototype.trimend
1061 silly ADD node_modules/string.prototype.trim
1062 silly ADD node_modules/stop-iteration-iterator
1063 silly ADD node_modules/set-proto
1064 silly ADD node_modules/safe-regex-test
1065 silly ADD node_modules/safe-push-apply
1066 silly ADD node_modules/safe-array-concat
1067 silly ADD node_modules/regexp.prototype.flags
1068 silly ADD node_modules/own-keys
1069 silly ADD node_modules/object.assign
1070 silly ADD node_modules/object-inspect
1071 silly ADD node_modules/is-weakref
1072 silly ADD node_modules/is-typed-array
1073 silly ADD node_modules/is-shared-array-buffer
1074 silly ADD node_modules/is-set
1075 silly ADD node_modules/is-regex
1076 silly ADD node_modules/is-negative-zero
1077 silly ADD node_modules/is-data-view
1078 silly ADD node_modules/is-callable
1079 silly ADD node_modules/is-array-buffer
1080 silly ADD node_modules/internal-slot
1081 silly ADD node_modules/has-proto
1082 silly ADD node_modules/globalthis
1083 silly ADD node_modules/get-symbol-description
1084 silly ADD node_modules/function.prototype.name
1085 silly ADD node_modules/es-to-primitive
1086 silly ADD node_modules/data-view-byte-offset
1087 silly ADD node_modules/data-view-byte-length
1088 silly ADD node_modules/data-view-buffer
1089 silly ADD node_modules/available-typed-arrays
1090 silly ADD node_modules/arraybuffer.prototype.slice
1091 silly ADD node_modules/array-buffer-byte-length
1092 silly ADD node_modules/object-keys
1093 silly ADD node_modules/has-property-descriptors
1094 silly ADD node_modules/define-data-property
1095 silly ADD node_modules/set-function-length
1096 silly ADD node_modules/es-shim-unscopables
1097 silly ADD node_modules/is-string
1098 silly ADD node_modules/es-abstract
1099 silly ADD node_modules/define-properties
1100 silly ADD node_modules/call-bound
1101 silly ADD node_modules/call-bind
1102 silly ADD node_modules/string.prototype.repeat
1103 silly ADD node_modules/string.prototype.matchall
1104 silly ADD node_modules/resolve
1105 silly ADD node_modules/prop-types
1106 silly ADD node_modules/prop-types/node_modules/react-is
1107 silly ADD node_modules/object.values
1108 silly ADD node_modules/object.fromentries
1109 silly ADD node_modules/object.entries
1110 silly ADD node_modules/jsx-ast-utils
1111 silly ADD node_modules/es-iterator-helpers
1112 silly ADD node_modules/doctrine
1113 silly ADD node_modules/array.prototype.tosorted
1114 silly ADD node_modules/array.prototype.flatmap
1115 silly ADD node_modules/array.prototype.findlast
1116 silly ADD node_modules/array-includes
1117 silly ADD node_modules/eslint-plugin-react
1118 silly ADD node_modules/fsevents
1119 silly ADD
1120 silly ADD
1121 silly ADD
1122 silly ADD
1123 silly ADD
1124 silly ADD
1125 silly ADD
1126 silly ADD
1127 silly ADD
1128 silly ADD
1129 silly ADD
1130 silly ADD
1131 silly ADD
1132 silly ADD
1133 silly ADD
1134 silly ADD
1135 silly ADD
1136 silly ADD
1137 silly ADD
1138 silly ADD
1139 silly ADD
1140 silly ADD
1141 silly ADD
1142 silly ADD
1143 silly ADD
1144 silly ADD
1145 silly ADD
1146 silly ADD
1147 silly ADD
1148 silly ADD
1149 silly ADD
1150 silly ADD
1151 silly ADD
1152 silly ADD
1153 silly ADD
1154 silly ADD
1155 silly ADD
1156 silly ADD
1157 silly ADD
1158 silly ADD
1159 silly ADD
1160 silly ADD
1161 silly ADD
1162 silly ADD
1163 silly ADD
1164 silly ADD
1165 verbose cwd /Users/arpitmishra/Desktop/StockTracker
1166 verbose os Darwin 25.0.0
1167 verbose node v23.11.0
1168 verbose npm  v10.9.2
1169 verbose exit 0
1170 info ok
