0 verbose cli /opt/homebrew/Cellar/node/23.11.0/bin/node /opt/homebrew/bin/npm
1 info using npm@10.9.2
2 info using node@v23.11.0
3 silly config load:file:/opt/homebrew/lib/node_modules/npm/npmrc
4 silly config load:file:/Users/arpitmishra/Desktop/StockTracker/.npmrc
5 silly config load:file:/Users/arpitmishra/.npmrc
6 silly config load:file:/opt/homebrew/etc/npmrc
7 verbose title npm install vite @vitejs/plugin-react eslint
8 verbose argv "install" "--save-dev" "vite" "@vitejs/plugin-react" "eslint"
9 verbose logfile logs-max:10 dir:/Users/arpitmishra/Desktop/StockTracker/.npm-cache/_logs/2025-11-14T07_03_46_780Z-
10 verbose logfile /Users/arpitmishra/Desktop/StockTracker/.npm-cache/_logs/2025-11-14T07_03_46_780Z-debug-0.log
11 silly logfile done cleaning log files
12 silly packumentCache heap:2197815296 maxSize:549453824 maxEntrySize:274726912
13 silly idealTree buildDeps
14 silly fetch manifest vite@*
15 silly packumentCache full:https://registry.npmjs.org/vite cache-miss
16 http fetch GET 200 https://registry.npmjs.org/vite 1302ms (cache miss)
17 silly packumentCache full:https://registry.npmjs.org/vite set size:undefined disposed:false
18 silly fetch manifest @types/node@^20.19.0 || >=22.12.0
19 silly packumentCache full:https://registry.npmjs.org/@types%2fnode cache-miss
20 http fetch GET 200 https://registry.npmjs.org/@types%2fnode 400ms (cache miss)
21 silly packumentCache full:https://registry.npmjs.org/@types%2fnode set size:undefined disposed:false
22 silly fetch manifest jiti@>=1.21.0
23 silly packumentCache full:https://registry.npmjs.org/jiti cache-miss
24 http fetch GET 200 https://registry.npmjs.org/jiti 73ms (cache miss)
25 silly packumentCache full:https://registry.npmjs.org/jiti set size:undefined disposed:false
26 silly fetch manifest less@^4.0.0
27 silly packumentCache full:https://registry.npmjs.org/less cache-miss
28 http fetch GET 200 https://registry.npmjs.org/less 66ms (cache miss)
29 silly packumentCache full:https://registry.npmjs.org/less set size:undefined disposed:false
30 silly fetch manifest lightningcss@^1.21.0
31 silly packumentCache full:https://registry.npmjs.org/lightningcss cache-miss
32 http fetch GET 200 https://registry.npmjs.org/lightningcss 59ms (cache miss)
33 silly packumentCache full:https://registry.npmjs.org/lightningcss set size:undefined disposed:false
34 silly fetch manifest sass@^1.70.0
35 silly packumentCache full:https://registry.npmjs.org/sass cache-miss
36 http fetch GET 200 https://registry.npmjs.org/sass 72ms (cache miss)
37 silly packumentCache full:https://registry.npmjs.org/sass set size:undefined disposed:false
38 silly fetch manifest sass-embedded@^1.70.0
39 silly packumentCache full:https://registry.npmjs.org/sass-embedded cache-miss
40 http fetch GET 200 https://registry.npmjs.org/sass-embedded 66ms (cache miss)
41 silly packumentCache full:https://registry.npmjs.org/sass-embedded set size:undefined disposed:false
42 silly fetch manifest stylus@>=0.54.8
43 silly packumentCache full:https://registry.npmjs.org/stylus cache-miss
44 http fetch GET 200 https://registry.npmjs.org/stylus 73ms (cache miss)
45 silly packumentCache full:https://registry.npmjs.org/stylus set size:undefined disposed:false
46 silly fetch manifest sugarss@^5.0.0
47 silly packumentCache full:https://registry.npmjs.org/sugarss cache-miss
48 http fetch GET 200 https://registry.npmjs.org/sugarss 75ms (cache miss)
49 silly packumentCache full:https://registry.npmjs.org/sugarss set size:undefined disposed:false
50 silly fetch manifest postcss@^8.3.3
51 silly packumentCache full:https://registry.npmjs.org/postcss cache-miss
52 http fetch GET 200 https://registry.npmjs.org/postcss 78ms (cache miss)
53 silly packumentCache full:https://registry.npmjs.org/postcss set size:undefined disposed:false
54 silly fetch manifest terser@^5.16.0
55 silly packumentCache full:https://registry.npmjs.org/terser cache-miss
56 http fetch GET 200 https://registry.npmjs.org/terser 65ms (cache miss)
57 silly packumentCache full:https://registry.npmjs.org/terser set size:undefined disposed:false
58 silly fetch manifest tsx@^4.8.1
59 silly packumentCache full:https://registry.npmjs.org/tsx cache-miss
60 http fetch GET 200 https://registry.npmjs.org/tsx 61ms (cache miss)
61 silly packumentCache full:https://registry.npmjs.org/tsx set size:undefined disposed:false
62 silly fetch manifest yaml@^2.4.2
63 silly packumentCache full:https://registry.npmjs.org/yaml cache-miss
64 http fetch GET 200 https://registry.npmjs.org/yaml 63ms (cache miss)
65 silly packumentCache full:https://registry.npmjs.org/yaml set size:undefined disposed:false
66 silly fetch manifest @vitejs/plugin-react@*
67 silly packumentCache full:https://registry.npmjs.org/@vitejs%2fplugin-react cache-miss
68 http fetch GET 200 https://registry.npmjs.org/@vitejs%2fplugin-react 72ms (cache miss)
69 silly packumentCache full:https://registry.npmjs.org/@vitejs%2fplugin-react set size:undefined disposed:false
70 silly fetch manifest eslint@*
71 silly packumentCache full:https://registry.npmjs.org/eslint cache-miss
72 http fetch GET 200 https://registry.npmjs.org/eslint 70ms (cache miss)
73 silly packumentCache full:https://registry.npmjs.org/eslint set size:undefined disposed:false
74 silly fetch manifest jiti@*
75 silly packumentCache full:https://registry.npmjs.org/jiti cache-miss
76 http cache https://registry.npmjs.org/jiti 8ms (cache hit)
77 silly packumentCache full:https://registry.npmjs.org/jiti set size:382310 disposed:false
78 silly placeDep ROOT @vitejs/plugin-react@5.1.1 OK for: stocktracker@1.0.0 want: *
79 silly placeDep ROOT vite@7.2.2 OK for: @vitejs/plugin-react@5.1.1 want: ^4.2.0 || ^5.0.0 || ^6.0.0 || ^7.0.0
80 silly placeDep ROOT eslint@9.39.1 OK for: stocktracker@1.0.0 want: *
81 silly placeDep ROOT vite@7.2.2 REPLACE for: stocktracker@1.0.0 want: *
82 silly fetch manifest @babel/core@^7.28.5
83 silly packumentCache full:https://registry.npmjs.org/@babel%2fcore cache-miss
84 silly fetch manifest @babel/plugin-transform-react-jsx-self@^7.27.1
85 silly packumentCache full:https://registry.npmjs.org/@babel%2fplugin-transform-react-jsx-self cache-miss
86 silly fetch manifest @babel/plugin-transform-react-jsx-source@^7.27.1
87 silly packumentCache full:https://registry.npmjs.org/@babel%2fplugin-transform-react-jsx-source cache-miss
88 silly fetch manifest @rolldown/pluginutils@1.0.0-beta.47
89 silly packumentCache full:https://registry.npmjs.org/@rolldown%2fpluginutils cache-miss
90 silly fetch manifest @types/babel__core@^7.20.5
91 silly packumentCache full:https://registry.npmjs.org/@types%2fbabel__core cache-miss
92 silly fetch manifest react-refresh@^0.18.0
93 silly packumentCache full:https://registry.npmjs.org/react-refresh cache-miss
94 silly fetch manifest esbuild@^0.25.0
95 silly packumentCache full:https://registry.npmjs.org/esbuild cache-miss
96 http fetch GET 200 https://registry.npmjs.org/@babel%2fcore 78ms (cache miss)
97 silly packumentCache full:https://registry.npmjs.org/@babel%2fcore set size:undefined disposed:false
98 silly fetch manifest fdir@^6.5.0
99 silly packumentCache full:https://registry.npmjs.org/fdir cache-miss
100 http fetch GET 200 https://registry.npmjs.org/@babel%2fplugin-transform-react-jsx-source 134ms (cache miss)
101 silly packumentCache full:https://registry.npmjs.org/@babel%2fplugin-transform-react-jsx-source set size:undefined disposed:false
102 silly fetch manifest picomatch@^4.0.3
103 silly packumentCache full:https://registry.npmjs.org/picomatch cache-miss
104 http fetch GET 200 https://registry.npmjs.org/fdir 58ms (cache miss)
105 silly packumentCache full:https://registry.npmjs.org/fdir set size:undefined disposed:false
106 silly fetch manifest postcss@^8.5.6
107 silly packumentCache full:https://registry.npmjs.org/postcss cache-miss
108 http cache https://registry.npmjs.org/postcss 3ms (cache hit)
109 silly packumentCache full:https://registry.npmjs.org/postcss set size:696248 disposed:false
110 silly fetch manifest rollup@^4.43.0
111 silly packumentCache full:https://registry.npmjs.org/rollup cache-miss
112 http fetch GET 200 https://registry.npmjs.org/@babel%2fplugin-transform-react-jsx-self 157ms (cache miss)
113 silly packumentCache full:https://registry.npmjs.org/@babel%2fplugin-transform-react-jsx-self set size:undefined disposed:false
114 silly fetch manifest tinyglobby@^0.2.15
115 silly packumentCache full:https://registry.npmjs.org/tinyglobby cache-miss
116 http fetch GET 200 https://registry.npmjs.org/@rolldown%2fpluginutils 173ms (cache miss)
117 silly packumentCache full:https://registry.npmjs.org/@rolldown%2fpluginutils set size:undefined disposed:false
118 silly fetch manifest fsevents@~2.3.3
119 silly packumentCache full:https://registry.npmjs.org/fsevents cache-miss
120 http fetch GET 200 https://registry.npmjs.org/@types%2fbabel__core 176ms (cache miss)
121 silly packumentCache full:https://registry.npmjs.org/@types%2fbabel__core set size:undefined disposed:false
122 silly fetch manifest @eslint-community/eslint-utils@^4.8.0
123 silly packumentCache full:https://registry.npmjs.org/@eslint-community%2feslint-utils cache-miss
124 http fetch GET 200 https://registry.npmjs.org/picomatch 73ms (cache miss)
125 silly packumentCache full:https://registry.npmjs.org/picomatch set size:undefined disposed:false
126 silly fetch manifest @eslint-community/regexpp@^4.12.1
127 silly packumentCache full:https://registry.npmjs.org/@eslint-community%2fregexpp cache-miss
128 http fetch GET 200 https://registry.npmjs.org/tinyglobby 57ms (cache miss)
129 silly packumentCache full:https://registry.npmjs.org/tinyglobby set size:undefined disposed:false
130 silly fetch manifest @eslint/config-array@^0.21.1
131 silly packumentCache full:https://registry.npmjs.org/@eslint%2fconfig-array cache-miss
132 http fetch GET 200 https://registry.npmjs.org/fsevents 70ms (cache miss)
133 silly packumentCache full:https://registry.npmjs.org/fsevents set size:undefined disposed:false
134 silly fetch manifest @eslint/config-helpers@^0.4.2
135 silly packumentCache full:https://registry.npmjs.org/@eslint%2fconfig-helpers cache-miss
136 http fetch GET 200 https://registry.npmjs.org/@eslint-community%2feslint-utils 78ms (cache miss)
137 silly packumentCache full:https://registry.npmjs.org/@eslint-community%2feslint-utils set size:undefined disposed:false
138 silly fetch manifest @eslint/core@^0.17.0
139 silly packumentCache full:https://registry.npmjs.org/@eslint%2fcore cache-miss
140 http fetch GET 200 https://registry.npmjs.org/esbuild 255ms (cache miss)
141 silly packumentCache full:https://registry.npmjs.org/esbuild set size:undefined disposed:false
142 silly fetch manifest @eslint/eslintrc@^3.3.1
143 silly packumentCache full:https://registry.npmjs.org/@eslint%2feslintrc cache-miss
144 http fetch GET 200 https://registry.npmjs.org/@eslint-community%2fregexpp 72ms (cache miss)
145 silly packumentCache full:https://registry.npmjs.org/@eslint-community%2fregexpp set size:undefined disposed:false
146 silly fetch manifest @eslint/js@9.39.1
147 silly packumentCache full:https://registry.npmjs.org/@eslint%2fjs cache-miss
148 http fetch GET 200 https://registry.npmjs.org/@eslint%2fconfig-array 70ms (cache miss)
149 silly packumentCache full:https://registry.npmjs.org/@eslint%2fconfig-array set size:undefined disposed:false
150 silly fetch manifest @eslint/plugin-kit@^0.4.1
151 silly packumentCache full:https://registry.npmjs.org/@eslint%2fplugin-kit cache-miss
152 http fetch GET 200 https://registry.npmjs.org/rollup 163ms (cache miss)
153 silly packumentCache full:https://registry.npmjs.org/rollup set size:undefined disposed:false
154 silly fetch manifest @humanfs/node@^0.16.6
155 silly packumentCache full:https://registry.npmjs.org/@humanfs%2fnode cache-miss
156 http fetch GET 200 https://registry.npmjs.org/@eslint%2fconfig-helpers 96ms (cache miss)
157 silly packumentCache full:https://registry.npmjs.org/@eslint%2fconfig-helpers set size:undefined disposed:false
158 silly fetch manifest @humanwhocodes/module-importer@^1.0.1
159 silly packumentCache full:https://registry.npmjs.org/@humanwhocodes%2fmodule-importer cache-miss
160 http fetch GET 200 https://registry.npmjs.org/@eslint%2fcore 89ms (cache miss)
161 silly packumentCache full:https://registry.npmjs.org/@eslint%2fcore set size:undefined disposed:false
162 silly fetch manifest @humanwhocodes/retry@^0.4.2
163 silly packumentCache full:https://registry.npmjs.org/@humanwhocodes%2fretry cache-miss
164 http fetch GET 200 https://registry.npmjs.org/@eslint%2feslintrc 87ms (cache miss)
165 silly packumentCache full:https://registry.npmjs.org/@eslint%2feslintrc set size:undefined disposed:false
166 silly fetch manifest @types/estree@^1.0.6
167 silly packumentCache full:https://registry.npmjs.org/@types%2festree cache-miss
168 http fetch GET 200 https://registry.npmjs.org/react-refresh 349ms (cache miss)
169 silly packumentCache full:https://registry.npmjs.org/react-refresh set size:undefined disposed:false
170 silly fetch manifest ajv@^6.12.4
171 silly packumentCache full:https://registry.npmjs.org/ajv cache-miss
172 http fetch GET 200 https://registry.npmjs.org/@eslint%2fplugin-kit 93ms (cache miss)
173 silly packumentCache full:https://registry.npmjs.org/@eslint%2fplugin-kit set size:undefined disposed:false
174 silly fetch manifest chalk@^4.0.0
175 silly packumentCache full:https://registry.npmjs.org/chalk cache-miss
176 http fetch GET 200 https://registry.npmjs.org/@eslint%2fjs 97ms (cache miss)
177 silly packumentCache full:https://registry.npmjs.org/@eslint%2fjs set size:undefined disposed:false
178 silly fetch manifest cross-spawn@^7.0.6
179 silly packumentCache full:https://registry.npmjs.org/cross-spawn cache-miss
180 http fetch GET 200 https://registry.npmjs.org/@humanfs%2fnode 70ms (cache miss)
181 silly packumentCache full:https://registry.npmjs.org/@humanfs%2fnode set size:undefined disposed:false
182 silly fetch manifest debug@^4.3.2
183 silly packumentCache full:https://registry.npmjs.org/debug cache-miss
184 http fetch GET 200 https://registry.npmjs.org/@humanwhocodes%2fmodule-importer 69ms (cache miss)
185 silly packumentCache full:https://registry.npmjs.org/@humanwhocodes%2fmodule-importer set size:undefined disposed:false
186 silly fetch manifest escape-string-regexp@^4.0.0
187 silly packumentCache full:https://registry.npmjs.org/escape-string-regexp cache-miss
188 http fetch GET 200 https://registry.npmjs.org/@humanwhocodes%2fretry 72ms (cache miss)
189 silly packumentCache full:https://registry.npmjs.org/@humanwhocodes%2fretry set size:undefined disposed:false
190 silly fetch manifest eslint-scope@^8.4.0
191 silly packumentCache full:https://registry.npmjs.org/eslint-scope cache-miss
192 http fetch GET 200 https://registry.npmjs.org/@types%2festree 69ms (cache miss)
193 silly packumentCache full:https://registry.npmjs.org/@types%2festree set size:undefined disposed:false
194 silly fetch manifest eslint-visitor-keys@^4.2.1
195 silly packumentCache full:https://registry.npmjs.org/eslint-visitor-keys cache-miss
196 http fetch GET 200 https://registry.npmjs.org/chalk 49ms (cache miss)
197 silly packumentCache full:https://registry.npmjs.org/chalk set size:undefined disposed:false
198 silly fetch manifest espree@^10.4.0
199 silly packumentCache full:https://registry.npmjs.org/espree cache-miss
200 http fetch GET 200 https://registry.npmjs.org/cross-spawn 63ms (cache miss)
201 silly packumentCache full:https://registry.npmjs.org/cross-spawn set size:undefined disposed:false
202 silly fetch manifest esquery@^1.5.0
203 silly packumentCache full:https://registry.npmjs.org/esquery cache-miss
204 http fetch GET 200 https://registry.npmjs.org/debug 50ms (cache miss)
205 silly packumentCache full:https://registry.npmjs.org/debug set size:undefined disposed:false
206 silly fetch manifest esutils@^2.0.2
207 silly packumentCache full:https://registry.npmjs.org/esutils cache-miss
208 http fetch GET 200 https://registry.npmjs.org/ajv 94ms (cache miss)
209 silly packumentCache full:https://registry.npmjs.org/ajv set size:undefined disposed:false
210 silly fetch manifest fast-deep-equal@^3.1.3
211 silly packumentCache full:https://registry.npmjs.org/fast-deep-equal cache-miss
212 http fetch GET 200 https://registry.npmjs.org/eslint-scope 53ms (cache miss)
213 silly packumentCache full:https://registry.npmjs.org/eslint-scope set size:undefined disposed:false
214 silly fetch manifest file-entry-cache@^8.0.0
215 silly packumentCache full:https://registry.npmjs.org/file-entry-cache cache-miss
216 http fetch GET 200 https://registry.npmjs.org/escape-string-regexp 58ms (cache miss)
217 silly packumentCache full:https://registry.npmjs.org/escape-string-regexp set size:undefined disposed:false
218 silly fetch manifest find-up@^5.0.0
219 silly packumentCache full:https://registry.npmjs.org/find-up cache-miss
220 http fetch GET 200 https://registry.npmjs.org/eslint-visitor-keys 54ms (cache miss)
221 silly packumentCache full:https://registry.npmjs.org/eslint-visitor-keys set size:undefined disposed:false
222 silly fetch manifest glob-parent@^6.0.2
223 silly packumentCache full:https://registry.npmjs.org/glob-parent cache-miss
224 http fetch GET 200 https://registry.npmjs.org/espree 56ms (cache miss)
225 silly packumentCache full:https://registry.npmjs.org/espree set size:undefined disposed:false
226 silly fetch manifest ignore@^5.2.0
227 silly packumentCache full:https://registry.npmjs.org/ignore cache-miss
228 http fetch GET 200 https://registry.npmjs.org/esutils 53ms (cache miss)
229 silly packumentCache full:https://registry.npmjs.org/esutils set size:undefined disposed:false
230 silly fetch manifest imurmurhash@^0.1.4
231 silly packumentCache full:https://registry.npmjs.org/imurmurhash cache-miss
232 http fetch GET 200 https://registry.npmjs.org/esquery 73ms (cache miss)
233 silly packumentCache full:https://registry.npmjs.org/esquery set size:undefined disposed:false
234 silly fetch manifest is-glob@^4.0.0
235 silly packumentCache full:https://registry.npmjs.org/is-glob cache-miss
236 http fetch GET 200 https://registry.npmjs.org/fast-deep-equal 50ms (cache miss)
237 silly packumentCache full:https://registry.npmjs.org/fast-deep-equal set size:undefined disposed:false
238 silly fetch manifest json-stable-stringify-without-jsonify@^1.0.1
239 silly packumentCache full:https://registry.npmjs.org/json-stable-stringify-without-jsonify cache-miss
240 http fetch GET 200 https://registry.npmjs.org/find-up 59ms (cache miss)
241 silly packumentCache full:https://registry.npmjs.org/find-up set size:undefined disposed:false
242 silly fetch manifest lodash.merge@^4.6.2
243 silly packumentCache full:https://registry.npmjs.org/lodash.merge cache-miss
244 http fetch GET 200 https://registry.npmjs.org/file-entry-cache 61ms (cache miss)
245 silly packumentCache full:https://registry.npmjs.org/file-entry-cache set size:undefined disposed:false
246 silly fetch manifest minimatch@^3.1.2
247 silly packumentCache full:https://registry.npmjs.org/minimatch cache-miss
248 http fetch GET 200 https://registry.npmjs.org/ignore 52ms (cache miss)
249 silly packumentCache full:https://registry.npmjs.org/ignore set size:undefined disposed:false
250 silly fetch manifest natural-compare@^1.4.0
251 silly packumentCache full:https://registry.npmjs.org/natural-compare cache-miss
252 http fetch GET 200 https://registry.npmjs.org/glob-parent 81ms (cache miss)
253 silly packumentCache full:https://registry.npmjs.org/glob-parent set size:undefined disposed:false
254 silly fetch manifest optionator@^0.9.3
255 silly packumentCache full:https://registry.npmjs.org/optionator cache-miss
256 http fetch GET 200 https://registry.npmjs.org/imurmurhash 49ms (cache miss)
257 silly packumentCache full:https://registry.npmjs.org/imurmurhash set size:undefined disposed:false
258 http fetch GET 200 https://registry.npmjs.org/is-glob 52ms (cache miss)
259 silly packumentCache full:https://registry.npmjs.org/is-glob set size:undefined disposed:false
260 http fetch GET 200 https://registry.npmjs.org/json-stable-stringify-without-jsonify 68ms (cache miss)
261 silly packumentCache full:https://registry.npmjs.org/json-stable-stringify-without-jsonify set size:undefined disposed:false
262 http fetch GET 200 https://registry.npmjs.org/natural-compare 48ms (cache miss)
263 silly packumentCache full:https://registry.npmjs.org/natural-compare set size:undefined disposed:false
264 http fetch GET 200 https://registry.npmjs.org/minimatch 56ms (cache miss)
265 silly packumentCache full:https://registry.npmjs.org/minimatch set size:undefined disposed:false
266 http fetch GET 200 https://registry.npmjs.org/lodash.merge 69ms (cache miss)
267 silly packumentCache full:https://registry.npmjs.org/lodash.merge set size:undefined disposed:false
268 http fetch GET 200 https://registry.npmjs.org/optionator 63ms (cache miss)
269 silly packumentCache full:https://registry.npmjs.org/optionator set size:undefined disposed:false
270 silly placeDep ROOT @babel/core@7.28.5 OK for: @vitejs/plugin-react@5.1.1 want: ^7.28.5
271 silly placeDep ROOT @babel/plugin-transform-react-jsx-self@7.27.1 OK for: @vitejs/plugin-react@5.1.1 want: ^7.27.1
272 silly placeDep ROOT @babel/plugin-transform-react-jsx-source@7.27.1 OK for: @vitejs/plugin-react@5.1.1 want: ^7.27.1
273 silly placeDep ROOT @rolldown/pluginutils@1.0.0-beta.47 OK for: @vitejs/plugin-react@5.1.1 want: 1.0.0-beta.47
274 silly placeDep ROOT @types/babel__core@7.20.5 OK for: @vitejs/plugin-react@5.1.1 want: ^7.20.5
275 silly placeDep ROOT react-refresh@0.18.0 OK for: @vitejs/plugin-react@5.1.1 want: ^0.18.0
276 silly fetch manifest @babel/code-frame@^7.27.1
277 silly packumentCache full:https://registry.npmjs.org/@babel%2fcode-frame cache-miss
278 silly fetch manifest @babel/generator@^7.28.5
279 silly packumentCache full:https://registry.npmjs.org/@babel%2fgenerator cache-miss
280 silly fetch manifest @babel/helper-compilation-targets@^7.27.2
281 silly packumentCache full:https://registry.npmjs.org/@babel%2fhelper-compilation-targets cache-miss
282 silly fetch manifest @babel/helper-module-transforms@^7.28.3
283 silly packumentCache full:https://registry.npmjs.org/@babel%2fhelper-module-transforms cache-miss
284 silly fetch manifest @babel/helpers@^7.28.4
285 silly packumentCache full:https://registry.npmjs.org/@babel%2fhelpers cache-miss
286 silly fetch manifest @babel/parser@^7.28.5
287 silly packumentCache full:https://registry.npmjs.org/@babel%2fparser cache-miss
288 silly fetch manifest @babel/template@^7.27.2
289 silly packumentCache full:https://registry.npmjs.org/@babel%2ftemplate cache-miss
290 http fetch GET 200 https://registry.npmjs.org/@babel%2fcode-frame 62ms (cache miss)
291 silly packumentCache full:https://registry.npmjs.org/@babel%2fcode-frame set size:undefined disposed:false
292 silly fetch manifest @babel/traverse@^7.28.5
293 silly packumentCache full:https://registry.npmjs.org/@babel%2ftraverse cache-miss
294 http fetch GET 200 https://registry.npmjs.org/@babel%2fhelper-compilation-targets 69ms (cache miss)
295 silly packumentCache full:https://registry.npmjs.org/@babel%2fhelper-compilation-targets set size:undefined disposed:false
296 silly fetch manifest @babel/types@^7.28.5
297 silly packumentCache full:https://registry.npmjs.org/@babel%2ftypes cache-miss
298 http fetch GET 200 https://registry.npmjs.org/@babel%2fgenerator 74ms (cache miss)
299 silly packumentCache full:https://registry.npmjs.org/@babel%2fgenerator set size:undefined disposed:false
300 silly fetch manifest @jridgewell/remapping@^2.3.5
301 silly packumentCache full:https://registry.npmjs.org/@jridgewell%2fremapping cache-miss
302 http fetch GET 200 https://registry.npmjs.org/@babel%2fhelper-module-transforms 77ms (cache miss)
303 silly packumentCache full:https://registry.npmjs.org/@babel%2fhelper-module-transforms set size:undefined disposed:false
304 silly fetch manifest convert-source-map@^2.0.0
305 silly packumentCache full:https://registry.npmjs.org/convert-source-map cache-miss
306 http fetch GET 200 https://registry.npmjs.org/@babel%2fhelpers 80ms (cache miss)
307 silly packumentCache full:https://registry.npmjs.org/@babel%2fhelpers set size:undefined disposed:false
308 silly fetch manifest debug@^4.1.0
309 silly packumentCache full:https://registry.npmjs.org/debug cache-miss
310 http fetch GET 200 https://registry.npmjs.org/@babel%2fparser 82ms (cache miss)
311 silly packumentCache full:https://registry.npmjs.org/@babel%2fparser set size:undefined disposed:false
312 silly fetch manifest gensync@^1.0.0-beta.2
313 silly packumentCache full:https://registry.npmjs.org/gensync cache-miss
314 http cache https://registry.npmjs.org/debug 6ms (cache hit)
315 silly packumentCache full:https://registry.npmjs.org/debug set size:195840 disposed:false
316 silly fetch manifest json5@^2.2.3
317 silly packumentCache full:https://registry.npmjs.org/json5 cache-miss
318 http fetch GET 200 https://registry.npmjs.org/@babel%2ftemplate 108ms (cache miss)
319 silly packumentCache full:https://registry.npmjs.org/@babel%2ftemplate set size:undefined disposed:false
320 silly fetch manifest semver@^6.3.1
321 silly packumentCache full:https://registry.npmjs.org/semver cache-miss
322 http fetch GET 200 https://registry.npmjs.org/convert-source-map 49ms (cache miss)
323 silly packumentCache full:https://registry.npmjs.org/convert-source-map set size:undefined disposed:false
324 silly fetch manifest @babel/helper-plugin-utils@^7.27.1
325 silly packumentCache full:https://registry.npmjs.org/@babel%2fhelper-plugin-utils cache-miss
326 http fetch GET 200 https://registry.npmjs.org/@jridgewell%2fremapping 69ms (cache miss)
327 silly packumentCache full:https://registry.npmjs.org/@jridgewell%2fremapping set size:undefined disposed:false
328 silly fetch manifest @babel/helper-plugin-utils@^7.27.1
329 silly packumentCache full:https://registry.npmjs.org/@babel%2fhelper-plugin-utils cache-miss
330 http fetch GET 200 https://registry.npmjs.org/gensync 60ms (cache miss)
331 silly packumentCache full:https://registry.npmjs.org/gensync set size:undefined disposed:false
332 silly fetch manifest @babel/types@^7.20.7
333 silly packumentCache full:https://registry.npmjs.org/@babel%2ftypes cache-miss
334 http fetch GET 200 https://registry.npmjs.org/@babel%2ftraverse 84ms (cache miss)
335 silly packumentCache full:https://registry.npmjs.org/@babel%2ftraverse set size:undefined disposed:false
336 silly fetch manifest @babel/parser@^7.20.7
337 silly packumentCache full:https://registry.npmjs.org/@babel%2fparser cache-miss
338 http fetch GET 200 https://registry.npmjs.org/@babel%2ftypes 80ms (cache miss)
339 silly packumentCache full:https://registry.npmjs.org/@babel%2ftypes set size:undefined disposed:false
340 silly fetch manifest @types/babel__template@*
341 silly packumentCache full:https://registry.npmjs.org/@types%2fbabel__template cache-miss
342 http cache https://registry.npmjs.org/@babel%2fparser 4ms (cache hit)
343 silly packumentCache full:https://registry.npmjs.org/@babel%2fparser set size:702781 disposed:false
344 silly fetch manifest @types/babel__traverse@*
345 silly packumentCache full:https://registry.npmjs.org/@types%2fbabel__traverse cache-miss
346 http fetch GET 200 https://registry.npmjs.org/json5 71ms (cache miss)
347 silly packumentCache full:https://registry.npmjs.org/json5 set size:undefined disposed:false
348 silly fetch manifest @types/babel__generator@*
349 silly packumentCache full:https://registry.npmjs.org/@types%2fbabel__generator cache-miss
350 http fetch GET 200 https://registry.npmjs.org/semver 70ms (cache miss)
351 silly packumentCache full:https://registry.npmjs.org/semver set size:undefined disposed:false
352 http fetch GET 200 https://registry.npmjs.org/@babel%2fhelper-plugin-utils 78ms (cache miss)
353 silly packumentCache full:https://registry.npmjs.org/@babel%2fhelper-plugin-utils set size:undefined disposed:false
354 http fetch GET 200 https://registry.npmjs.org/@babel%2ftypes 63ms (cache miss)
355 silly packumentCache full:https://registry.npmjs.org/@babel%2ftypes set size:undefined disposed:false
356 http fetch GET 200 https://registry.npmjs.org/@babel%2fhelper-plugin-utils 66ms (cache miss)
357 silly packumentCache full:https://registry.npmjs.org/@babel%2fhelper-plugin-utils set size:undefined disposed:false
358 http fetch GET 200 https://registry.npmjs.org/@types%2fbabel__traverse 57ms (cache miss)
359 silly packumentCache full:https://registry.npmjs.org/@types%2fbabel__traverse set size:undefined disposed:false
360 http fetch GET 200 https://registry.npmjs.org/@types%2fbabel__template 75ms (cache miss)
361 silly packumentCache full:https://registry.npmjs.org/@types%2fbabel__template set size:undefined disposed:false
362 http fetch GET 200 https://registry.npmjs.org/@types%2fbabel__generator 66ms (cache miss)
363 silly packumentCache full:https://registry.npmjs.org/@types%2fbabel__generator set size:undefined disposed:false
364 silly fetch manifest @babel/core@^7.0.0
365 silly packumentCache full:https://registry.npmjs.org/@babel%2fcore cache-miss
366 http cache https://registry.npmjs.org/@babel%2fcore 3ms (cache hit)
367 silly packumentCache full:https://registry.npmjs.org/@babel%2fcore set size:738278 disposed:false
368 silly placeDep ROOT @babel/code-frame@7.27.1 OK for: @babel/core@7.28.5 want: ^7.27.1
369 silly placeDep ROOT @babel/generator@7.28.5 OK for: @babel/core@7.28.5 want: ^7.28.5
370 silly placeDep ROOT @babel/helper-compilation-targets@7.27.2 OK for: @babel/core@7.28.5 want: ^7.27.2
371 silly placeDep ROOT @babel/helper-module-transforms@7.28.3 OK for: @babel/core@7.28.5 want: ^7.28.3
372 silly placeDep ROOT @babel/helpers@7.28.4 OK for: @babel/core@7.28.5 want: ^7.28.4
373 silly placeDep ROOT @babel/parser@7.28.5 OK for: @babel/core@7.28.5 want: ^7.28.5
374 silly placeDep ROOT @babel/template@7.27.2 OK for: @babel/core@7.28.5 want: ^7.27.2
375 silly placeDep ROOT @babel/traverse@7.28.5 OK for: @babel/core@7.28.5 want: ^7.28.5
376 silly placeDep ROOT @babel/types@7.28.5 OK for: @babel/core@7.28.5 want: ^7.28.5
377 silly placeDep ROOT @jridgewell/remapping@2.3.5 OK for: @babel/core@7.28.5 want: ^2.3.5
378 silly placeDep ROOT convert-source-map@2.0.0 OK for: @babel/core@7.28.5 want: ^2.0.0
379 silly placeDep ROOT debug@4.4.3 OK for: @babel/core@7.28.5 want: ^4.1.0
380 silly placeDep ROOT gensync@1.0.0-beta.2 OK for: @babel/core@7.28.5 want: ^1.0.0-beta.2
381 silly placeDep ROOT json5@2.2.3 OK for: @babel/core@7.28.5 want: ^2.2.3
382 silly placeDep ROOT semver@6.3.1 OK for: @babel/core@7.28.5 want: ^6.3.1
383 silly fetch manifest js-tokens@^4.0.0
384 silly packumentCache full:https://registry.npmjs.org/js-tokens cache-miss
385 silly fetch manifest picocolors@^1.1.1
386 silly packumentCache full:https://registry.npmjs.org/picocolors cache-miss
387 silly fetch manifest @babel/helper-validator-identifier@^7.27.1
388 silly packumentCache full:https://registry.npmjs.org/@babel%2fhelper-validator-identifier cache-miss
389 silly fetch manifest @jridgewell/gen-mapping@^0.3.12
390 silly packumentCache full:https://registry.npmjs.org/@jridgewell%2fgen-mapping cache-miss
391 silly fetch manifest @jridgewell/trace-mapping@^0.3.28
392 silly packumentCache full:https://registry.npmjs.org/@jridgewell%2ftrace-mapping cache-miss
393 silly fetch manifest jsesc@^3.0.2
394 silly packumentCache full:https://registry.npmjs.org/jsesc cache-miss
395 silly fetch manifest lru-cache@^5.1.1
396 silly packumentCache full:https://registry.npmjs.org/lru-cache cache-miss
397 http fetch GET 200 https://registry.npmjs.org/jsesc 54ms (cache miss)
398 silly packumentCache full:https://registry.npmjs.org/jsesc set size:undefined disposed:false
399 silly fetch manifest browserslist@^4.24.0
400 silly packumentCache full:https://registry.npmjs.org/browserslist cache-miss
401 http fetch GET 200 https://registry.npmjs.org/picocolors 56ms (cache miss)
402 silly packumentCache full:https://registry.npmjs.org/picocolors set size:undefined disposed:false
403 silly fetch manifest @babel/compat-data@^7.27.2
404 silly packumentCache full:https://registry.npmjs.org/@babel%2fcompat-data cache-miss
405 http fetch GET 200 https://registry.npmjs.org/lru-cache 69ms (cache miss)
406 silly packumentCache full:https://registry.npmjs.org/lru-cache set size:undefined disposed:false
407 silly fetch manifest @babel/helper-validator-option@^7.27.1
408 silly packumentCache full:https://registry.npmjs.org/@babel%2fhelper-validator-option cache-miss
409 http fetch GET 200 https://registry.npmjs.org/js-tokens 73ms (cache miss)
410 silly packumentCache full:https://registry.npmjs.org/js-tokens set size:undefined disposed:false
411 silly fetch manifest @babel/traverse@^7.28.3
412 silly packumentCache full:https://registry.npmjs.org/@babel%2ftraverse cache-miss
413 http fetch GET 200 https://registry.npmjs.org/@jridgewell%2ftrace-mapping 75ms (cache miss)
414 silly packumentCache full:https://registry.npmjs.org/@jridgewell%2ftrace-mapping set size:undefined disposed:false
415 silly fetch manifest @babel/helper-module-imports@^7.27.1
416 silly packumentCache full:https://registry.npmjs.org/@babel%2fhelper-module-imports cache-miss
417 http fetch GET 200 https://registry.npmjs.org/@jridgewell%2fgen-mapping 77ms (cache miss)
418 silly packumentCache full:https://registry.npmjs.org/@jridgewell%2fgen-mapping set size:undefined disposed:false
419 silly fetch manifest @babel/helper-validator-identifier@^7.27.1
420 silly packumentCache full:https://registry.npmjs.org/@babel%2fhelper-validator-identifier cache-miss
421 http cache https://registry.npmjs.org/@babel%2ftraverse 6ms (cache hit)
422 silly packumentCache full:https://registry.npmjs.org/@babel%2ftraverse set size:535703 disposed:false
423 silly fetch manifest @babel/types@^7.28.4
424 silly packumentCache full:https://registry.npmjs.org/@babel%2ftypes cache-miss
425 http fetch GET 200 https://registry.npmjs.org/@babel%2fhelper-validator-identifier 82ms (cache miss)
426 silly packumentCache full:https://registry.npmjs.org/@babel%2fhelper-validator-identifier set size:undefined disposed:false
427 silly fetch manifest @babel/types@^7.27.1
428 silly packumentCache full:https://registry.npmjs.org/@babel%2ftypes cache-miss
429 http cache https://registry.npmjs.org/@babel%2ftypes 3ms (cache hit)
430 silly packumentCache full:https://registry.npmjs.org/@babel%2ftypes set size:475698 disposed:false
431 silly fetch manifest @babel/helper-globals@^7.28.0
432 silly packumentCache full:https://registry.npmjs.org/@babel%2fhelper-globals cache-miss
433 http cache https://registry.npmjs.org/@babel%2ftypes 5ms (cache hit)
434 silly packumentCache full:https://registry.npmjs.org/@babel%2ftypes set size:475698 disposed:false
435 silly packumentCache full:https://registry.npmjs.org/@babel%2ftypes dispose
436 silly fetch manifest debug@^4.3.1
437 silly packumentCache full:https://registry.npmjs.org/debug cache-hit
438 silly fetch manifest @babel/helper-string-parser@^7.27.1
439 silly packumentCache full:https://registry.npmjs.org/@babel%2fhelper-string-parser cache-miss
440 http fetch GET 200 https://registry.npmjs.org/browserslist 56ms (cache miss)
441 silly packumentCache full:https://registry.npmjs.org/browserslist set size:undefined disposed:false
442 silly fetch manifest @babel/helper-validator-identifier@^7.28.5
443 silly packumentCache full:https://registry.npmjs.org/@babel%2fhelper-validator-identifier cache-miss
444 http cache https://registry.npmjs.org/@babel%2fhelper-validator-identifier 2ms (cache hit)
445 silly packumentCache full:https://registry.npmjs.org/@babel%2fhelper-validator-identifier set size:108996 disposed:false
446 silly fetch manifest @jridgewell/gen-mapping@^0.3.5
447 silly packumentCache full:https://registry.npmjs.org/@jridgewell%2fgen-mapping cache-miss
448 http cache https://registry.npmjs.org/@jridgewell%2fgen-mapping 2ms (cache hit)
449 silly packumentCache full:https://registry.npmjs.org/@jridgewell%2fgen-mapping set size:80719 disposed:false
450 silly fetch manifest @jridgewell/trace-mapping@^0.3.24
451 silly packumentCache full:https://registry.npmjs.org/@jridgewell%2ftrace-mapping cache-miss
452 http cache https://registry.npmjs.org/@jridgewell%2ftrace-mapping 1ms (cache hit)
453 silly packumentCache full:https://registry.npmjs.org/@jridgewell%2ftrace-mapping set size:170909 disposed:false
454 silly fetch manifest ms@^2.1.3
455 silly packumentCache full:https://registry.npmjs.org/ms cache-miss
456 http fetch GET 200 https://registry.npmjs.org/@babel%2fcompat-data 67ms (cache miss)
457 silly packumentCache full:https://registry.npmjs.org/@babel%2fcompat-data set size:undefined disposed:false
458 http fetch GET 200 https://registry.npmjs.org/@babel%2fhelper-validator-option 66ms (cache miss)
459 silly packumentCache full:https://registry.npmjs.org/@babel%2fhelper-validator-option set size:undefined disposed:false
460 http fetch GET 200 https://registry.npmjs.org/@babel%2fhelper-validator-identifier 62ms (cache miss)
461 silly packumentCache full:https://registry.npmjs.org/@babel%2fhelper-validator-identifier set size:undefined disposed:false
462 silly packumentCache full:https://registry.npmjs.org/@babel%2fhelper-validator-identifier dispose
463 http fetch GET 200 https://registry.npmjs.org/@babel%2fhelper-string-parser 54ms (cache miss)
464 silly packumentCache full:https://registry.npmjs.org/@babel%2fhelper-string-parser set size:undefined disposed:false
465 http fetch GET 200 https://registry.npmjs.org/@babel%2fhelper-globals 62ms (cache miss)
466 silly packumentCache full:https://registry.npmjs.org/@babel%2fhelper-globals set size:undefined disposed:false
467 http fetch GET 200 https://registry.npmjs.org/ms 59ms (cache miss)
468 silly packumentCache full:https://registry.npmjs.org/ms set size:undefined disposed:false
469 http fetch GET 200 https://registry.npmjs.org/@babel%2fhelper-module-imports 104ms (cache miss)
470 silly packumentCache full:https://registry.npmjs.org/@babel%2fhelper-module-imports set size:undefined disposed:false
471 silly placeDep ROOT @babel/helper-validator-identifier@7.28.5 OK for: @babel/code-frame@7.27.1 want: ^7.27.1
472 silly placeDep ROOT js-tokens@4.0.0 OK for: @babel/code-frame@7.27.1 want: ^4.0.0
473 silly placeDep ROOT picocolors@1.1.1 OK for: @babel/code-frame@7.27.1 want: ^1.1.1
474 silly placeDep ROOT @jridgewell/gen-mapping@0.3.13 OK for: @babel/generator@7.28.5 want: ^0.3.12
475 silly placeDep ROOT @jridgewell/trace-mapping@0.3.31 OK for: @babel/generator@7.28.5 want: ^0.3.28
476 silly placeDep ROOT jsesc@3.1.0 OK for: @babel/generator@7.28.5 want: ^3.0.2
477 silly fetch manifest @jridgewell/sourcemap-codec@^1.5.0
478 silly packumentCache full:https://registry.npmjs.org/@jridgewell%2fsourcemap-codec cache-miss
479 silly fetch manifest @jridgewell/resolve-uri@^3.1.0
480 silly packumentCache full:https://registry.npmjs.org/@jridgewell%2fresolve-uri cache-miss
481 silly fetch manifest @jridgewell/sourcemap-codec@^1.4.14
482 silly packumentCache full:https://registry.npmjs.org/@jridgewell%2fsourcemap-codec cache-miss
483 http fetch GET 200 https://registry.npmjs.org/@jridgewell%2fsourcemap-codec 72ms (cache miss)
484 silly packumentCache full:https://registry.npmjs.org/@jridgewell%2fsourcemap-codec set size:undefined disposed:false
485 http fetch GET 200 https://registry.npmjs.org/@jridgewell%2fresolve-uri 73ms (cache miss)
486 silly packumentCache full:https://registry.npmjs.org/@jridgewell%2fresolve-uri set size:undefined disposed:false
487 http fetch GET 200 https://registry.npmjs.org/@jridgewell%2fsourcemap-codec 86ms (cache miss)
488 silly packumentCache full:https://registry.npmjs.org/@jridgewell%2fsourcemap-codec set size:undefined disposed:false
489 silly placeDep ROOT @babel/compat-data@7.28.5 OK for: @babel/helper-compilation-targets@7.27.2 want: ^7.27.2
490 silly placeDep ROOT @babel/helper-validator-option@7.27.1 OK for: @babel/helper-compilation-targets@7.27.2 want: ^7.27.1
491 silly placeDep ROOT browserslist@4.28.0 OK for: @babel/helper-compilation-targets@7.27.2 want: ^4.24.0
492 silly placeDep ROOT lru-cache@5.1.1 OK for: @babel/helper-compilation-targets@7.27.2 want: ^5.1.1
493 silly fetch manifest baseline-browser-mapping@^2.8.25
494 silly packumentCache full:https://registry.npmjs.org/baseline-browser-mapping cache-miss
495 silly fetch manifest caniuse-lite@^1.0.30001754
496 silly packumentCache full:https://registry.npmjs.org/caniuse-lite cache-miss
497 silly fetch manifest electron-to-chromium@^1.5.249
498 silly packumentCache full:https://registry.npmjs.org/electron-to-chromium cache-miss
499 silly fetch manifest node-releases@^2.0.27
500 silly packumentCache full:https://registry.npmjs.org/node-releases cache-miss
501 silly fetch manifest update-browserslist-db@^1.1.4
502 silly packumentCache full:https://registry.npmjs.org/update-browserslist-db cache-miss
503 silly fetch manifest yallist@^3.0.2
504 silly packumentCache full:https://registry.npmjs.org/yallist cache-miss
505 http fetch GET 200 https://registry.npmjs.org/update-browserslist-db 53ms (cache miss)
506 silly packumentCache full:https://registry.npmjs.org/update-browserslist-db set size:undefined disposed:false
507 http fetch GET 200 https://registry.npmjs.org/baseline-browser-mapping 58ms (cache miss)
508 silly packumentCache full:https://registry.npmjs.org/baseline-browser-mapping set size:undefined disposed:false
509 http fetch GET 200 https://registry.npmjs.org/yallist 77ms (cache miss)
510 silly packumentCache full:https://registry.npmjs.org/yallist set size:undefined disposed:false
511 http fetch GET 200 https://registry.npmjs.org/caniuse-lite 107ms (cache miss)
512 silly packumentCache full:https://registry.npmjs.org/caniuse-lite set size:undefined disposed:false
513 http fetch GET 200 https://registry.npmjs.org/node-releases 141ms (cache miss)
514 silly packumentCache full:https://registry.npmjs.org/node-releases set size:undefined disposed:false
515 http fetch GET 200 https://registry.npmjs.org/electron-to-chromium 171ms (cache miss)
516 silly packumentCache full:https://registry.npmjs.org/electron-to-chromium set size:undefined disposed:false
517 silly placeDep ROOT @babel/helper-module-imports@7.27.1 OK for: @babel/helper-module-transforms@7.28.3 want: ^7.27.1
518 silly placeDep ROOT @babel/helper-plugin-utils@7.27.1 OK for: @babel/plugin-transform-react-jsx-self@7.27.1 want: ^7.27.1
519 silly placeDep ROOT @babel/helper-globals@7.28.0 OK for: @babel/traverse@7.28.5 want: ^7.28.0
520 silly placeDep ROOT @babel/helper-string-parser@7.27.1 OK for: @babel/types@7.28.5 want: ^7.27.1
521 silly placeDep ROOT @jridgewell/sourcemap-codec@1.5.5 OK for: @jridgewell/gen-mapping@0.3.13 want: ^1.5.0
522 silly placeDep ROOT @jridgewell/resolve-uri@3.1.2 OK for: @jridgewell/trace-mapping@0.3.31 want: ^3.1.0
523 silly placeDep ROOT @types/babel__generator@7.27.0 OK for: @types/babel__core@7.20.5 want: *
524 silly placeDep ROOT @types/babel__template@7.4.4 OK for: @types/babel__core@7.20.5 want: *
525 silly placeDep ROOT @types/babel__traverse@7.28.0 OK for: @types/babel__core@7.20.5 want: *
526 silly fetch manifest browserslist@>= 4.21.0
527 silly packumentCache full:https://registry.npmjs.org/browserslist cache-miss
528 http cache https://registry.npmjs.org/browserslist 1ms (cache hit)
529 silly packumentCache full:https://registry.npmjs.org/browserslist set size:500962 disposed:false
530 silly placeDep ROOT baseline-browser-mapping@2.8.28 OK for: browserslist@4.28.0 want: ^2.8.25
531 silly placeDep ROOT caniuse-lite@1.0.30001754 OK for: browserslist@4.28.0 want: ^1.0.30001754
532 silly placeDep ROOT electron-to-chromium@1.5.252 OK for: browserslist@4.28.0 want: ^1.5.249
533 silly placeDep ROOT node-releases@2.0.27 OK for: browserslist@4.28.0 want: ^2.0.27
534 silly placeDep ROOT update-browserslist-db@1.1.4 OK for: browserslist@4.28.0 want: ^1.1.4
535 silly fetch manifest escalade@^3.2.0
536 silly packumentCache full:https://registry.npmjs.org/escalade cache-miss
537 http fetch GET 200 https://registry.npmjs.org/escalade 62ms (cache miss)
538 silly packumentCache full:https://registry.npmjs.org/escalade set size:undefined disposed:false
539 silly placeDep ROOT ms@2.1.3 OK for: debug@4.4.3 want: ^2.1.3
540 silly fetch manifest eslint@^6.0.0 || ^7.0.0 || >=8.0.0
541 silly packumentCache full:https://registry.npmjs.org/eslint cache-miss
542 http cache https://registry.npmjs.org/eslint 3ms (cache hit)
543 silly packumentCache full:https://registry.npmjs.org/eslint set size:1873302 disposed:false
544 silly placeDep ROOT @eslint-community/eslint-utils@4.9.0 OK for: eslint@9.39.1 want: ^4.8.0
545 silly placeDep ROOT @eslint-community/regexpp@4.12.2 OK for: eslint@9.39.1 want: ^4.12.1
546 silly placeDep ROOT @eslint/config-array@0.21.1 OK for: eslint@9.39.1 want: ^0.21.1
547 silly placeDep ROOT @eslint/config-helpers@0.4.2 OK for: eslint@9.39.1 want: ^0.4.2
548 silly placeDep ROOT @eslint/core@0.17.0 OK for: eslint@9.39.1 want: ^0.17.0
549 silly placeDep ROOT @eslint/eslintrc@3.3.1 OK for: eslint@9.39.1 want: ^3.3.1
550 silly placeDep ROOT @eslint/js@9.39.1 OK for: eslint@9.39.1 want: 9.39.1
551 silly placeDep ROOT @eslint/plugin-kit@0.4.1 OK for: eslint@9.39.1 want: ^0.4.1
552 silly placeDep ROOT @humanfs/node@0.16.7 OK for: eslint@9.39.1 want: ^0.16.6
553 silly placeDep ROOT @humanwhocodes/module-importer@1.0.1 OK for: eslint@9.39.1 want: ^1.0.1
554 silly placeDep ROOT @humanwhocodes/retry@0.4.3 OK for: eslint@9.39.1 want: ^0.4.2
555 silly placeDep ROOT @types/estree@1.0.8 OK for: eslint@9.39.1 want: ^1.0.6
556 silly placeDep ROOT ajv@6.12.6 OK for: eslint@9.39.1 want: ^6.12.4
557 silly placeDep ROOT chalk@4.1.2 OK for: eslint@9.39.1 want: ^4.0.0
558 silly placeDep ROOT cross-spawn@7.0.6 OK for: eslint@9.39.1 want: ^7.0.6
559 silly placeDep ROOT escape-string-regexp@4.0.0 OK for: eslint@9.39.1 want: ^4.0.0
560 silly placeDep ROOT eslint-scope@8.4.0 OK for: eslint@9.39.1 want: ^8.4.0
561 silly placeDep ROOT eslint-visitor-keys@4.2.1 OK for: eslint@9.39.1 want: ^4.2.1
562 silly placeDep ROOT espree@10.4.0 OK for: eslint@9.39.1 want: ^10.4.0
563 silly placeDep ROOT esquery@1.6.0 OK for: eslint@9.39.1 want: ^1.5.0
564 silly placeDep ROOT esutils@2.0.3 OK for: eslint@9.39.1 want: ^2.0.2
565 silly placeDep ROOT fast-deep-equal@3.1.3 OK for: eslint@9.39.1 want: ^3.1.3
566 silly placeDep ROOT file-entry-cache@8.0.0 OK for: eslint@9.39.1 want: ^8.0.0
567 silly placeDep ROOT find-up@5.0.0 OK for: eslint@9.39.1 want: ^5.0.0
568 silly placeDep ROOT glob-parent@6.0.2 OK for: eslint@9.39.1 want: ^6.0.2
569 silly placeDep ROOT ignore@5.3.2 OK for: eslint@9.39.1 want: ^5.2.0
570 silly placeDep ROOT imurmurhash@0.1.4 OK for: eslint@9.39.1 want: ^0.1.4
571 silly placeDep ROOT is-glob@4.0.3 OK for: eslint@9.39.1 want: ^4.0.0
572 silly placeDep ROOT json-stable-stringify-without-jsonify@1.0.1 OK for: eslint@9.39.1 want: ^1.0.1
573 silly placeDep ROOT lodash.merge@4.6.2 OK for: eslint@9.39.1 want: ^4.6.2
574 silly placeDep ROOT minimatch@3.1.2 OK for: eslint@9.39.1 want: ^3.1.2
575 silly placeDep ROOT natural-compare@1.4.0 OK for: eslint@9.39.1 want: ^1.4.0
576 silly placeDep ROOT optionator@0.9.4 OK for: eslint@9.39.1 want: ^0.9.3
577 silly fetch manifest eslint-visitor-keys@^3.4.3
578 silly packumentCache full:https://registry.npmjs.org/eslint-visitor-keys cache-miss
579 silly fetch manifest @eslint/object-schema@^2.1.7
580 silly packumentCache full:https://registry.npmjs.org/@eslint%2fobject-schema cache-miss
581 silly fetch manifest @types/json-schema@^7.0.15
582 silly packumentCache full:https://registry.npmjs.org/@types%2fjson-schema cache-miss
583 silly fetch manifest espree@^10.0.1
584 silly packumentCache full:https://registry.npmjs.org/espree cache-miss
585 silly fetch manifest globals@^14.0.0
586 silly packumentCache full:https://registry.npmjs.org/globals cache-miss
587 silly fetch manifest import-fresh@^3.2.1
588 silly packumentCache full:https://registry.npmjs.org/import-fresh cache-miss
589 silly fetch manifest js-yaml@^4.1.0
590 silly packumentCache full:https://registry.npmjs.org/js-yaml cache-miss
591 http cache https://registry.npmjs.org/eslint-visitor-keys 4ms (cache hit)
592 silly packumentCache full:https://registry.npmjs.org/eslint-visitor-keys set size:67352 disposed:false
593 silly fetch manifest strip-json-comments@^3.1.1
594 silly packumentCache full:https://registry.npmjs.org/strip-json-comments cache-miss
595 http cache https://registry.npmjs.org/espree 5ms (cache hit)
596 silly packumentCache full:https://registry.npmjs.org/espree set size:317497 disposed:false
597 silly fetch manifest levn@^0.4.1
598 silly packumentCache full:https://registry.npmjs.org/levn cache-miss
599 http fetch GET 200 https://registry.npmjs.org/import-fresh 49ms (cache miss)
600 silly packumentCache full:https://registry.npmjs.org/import-fresh set size:undefined disposed:false
601 silly fetch manifest @humanwhocodes/retry@^0.4.0
602 silly packumentCache full:https://registry.npmjs.org/@humanwhocodes%2fretry cache-miss
603 http cache https://registry.npmjs.org/@humanwhocodes%2fretry 1ms (cache hit)
604 silly packumentCache full:https://registry.npmjs.org/@humanwhocodes%2fretry set size:42348 disposed:false
605 silly fetch manifest @humanfs/core@^0.19.1
606 silly packumentCache full:https://registry.npmjs.org/@humanfs%2fcore cache-miss
607 http fetch GET 200 https://registry.npmjs.org/strip-json-comments 48ms (cache miss)
608 silly packumentCache full:https://registry.npmjs.org/strip-json-comments set size:undefined disposed:false
609 silly fetch manifest uri-js@^4.2.2
610 silly packumentCache full:https://registry.npmjs.org/uri-js cache-miss
611 http fetch GET 200 https://registry.npmjs.org/levn 50ms (cache miss)
612 silly packumentCache full:https://registry.npmjs.org/levn set size:undefined disposed:false
613 silly fetch manifest fast-deep-equal@^3.1.1
614 silly packumentCache full:https://registry.npmjs.org/fast-deep-equal cache-miss
615 http cache https://registry.npmjs.org/fast-deep-equal 2ms (cache hit)
616 silly packumentCache full:https://registry.npmjs.org/fast-deep-equal set size:48634 disposed:false
617 silly fetch manifest json-schema-traverse@^0.4.1
618 silly packumentCache full:https://registry.npmjs.org/json-schema-traverse cache-miss
619 http fetch GET 200 https://registry.npmjs.org/@types%2fjson-schema 66ms (cache miss)
620 silly packumentCache full:https://registry.npmjs.org/@types%2fjson-schema set size:undefined disposed:false
621 silly fetch manifest fast-json-stable-stringify@^2.0.0
622 silly packumentCache full:https://registry.npmjs.org/fast-json-stable-stringify cache-miss
623 http fetch GET 200 https://registry.npmjs.org/js-yaml 69ms (cache miss)
624 silly packumentCache full:https://registry.npmjs.org/js-yaml set size:undefined disposed:false
625 silly fetch manifest ansi-styles@^4.1.0
626 silly packumentCache full:https://registry.npmjs.org/ansi-styles cache-miss
627 http fetch GET 200 https://registry.npmjs.org/globals 74ms (cache miss)
628 silly packumentCache full:https://registry.npmjs.org/globals set size:undefined disposed:false
629 silly fetch manifest supports-color@^7.1.0
630 silly packumentCache full:https://registry.npmjs.org/supports-color cache-miss
631 http fetch GET 200 https://registry.npmjs.org/@eslint%2fobject-schema 77ms (cache miss)
632 silly packumentCache full:https://registry.npmjs.org/@eslint%2fobject-schema set size:undefined disposed:false
633 silly fetch manifest which@^2.0.1
634 silly packumentCache full:https://registry.npmjs.org/which cache-miss
635 http fetch GET 200 https://registry.npmjs.org/@humanfs%2fcore 64ms (cache miss)
636 silly packumentCache full:https://registry.npmjs.org/@humanfs%2fcore set size:undefined disposed:false
637 silly fetch manifest path-key@^3.1.0
638 silly packumentCache full:https://registry.npmjs.org/path-key cache-miss
639 http fetch GET 200 https://registry.npmjs.org/fast-json-stable-stringify 48ms (cache miss)
640 silly packumentCache full:https://registry.npmjs.org/fast-json-stable-stringify set size:undefined disposed:false
641 silly fetch manifest shebang-command@^2.0.0
642 silly packumentCache full:https://registry.npmjs.org/shebang-command cache-miss
643 http fetch GET 200 https://registry.npmjs.org/uri-js 62ms (cache miss)
644 silly packumentCache full:https://registry.npmjs.org/uri-js set size:undefined disposed:false
645 silly fetch manifest esrecurse@^4.3.0
646 silly packumentCache full:https://registry.npmjs.org/esrecurse cache-miss
647 http fetch GET 200 https://registry.npmjs.org/json-schema-traverse 62ms (cache miss)
648 silly packumentCache full:https://registry.npmjs.org/json-schema-traverse set size:undefined disposed:false
649 silly fetch manifest estraverse@^5.2.0
650 silly packumentCache full:https://registry.npmjs.org/estraverse cache-miss
651 http fetch GET 200 https://registry.npmjs.org/ansi-styles 52ms (cache miss)
652 silly packumentCache full:https://registry.npmjs.org/ansi-styles set size:undefined disposed:false
653 silly fetch manifest acorn@^8.15.0
654 silly packumentCache full:https://registry.npmjs.org/acorn cache-miss
655 http fetch GET 200 https://registry.npmjs.org/which 49ms (cache miss)
656 silly packumentCache full:https://registry.npmjs.org/which set size:undefined disposed:false
657 silly fetch manifest acorn-jsx@^5.3.2
658 silly packumentCache full:https://registry.npmjs.org/acorn-jsx cache-miss
659 http fetch GET 200 https://registry.npmjs.org/supports-color 79ms (cache miss)
660 silly packumentCache full:https://registry.npmjs.org/supports-color set size:undefined disposed:false
661 silly fetch manifest estraverse@^5.1.0
662 silly packumentCache full:https://registry.npmjs.org/estraverse cache-miss
663 http fetch GET 200 https://registry.npmjs.org/path-key 46ms (cache miss)
664 silly packumentCache full:https://registry.npmjs.org/path-key set size:undefined disposed:false
665 silly fetch manifest flat-cache@^4.0.0
666 silly packumentCache full:https://registry.npmjs.org/flat-cache cache-miss
667 http fetch GET 200 https://registry.npmjs.org/esrecurse 49ms (cache miss)
668 silly packumentCache full:https://registry.npmjs.org/esrecurse set size:undefined disposed:false
669 silly fetch manifest locate-path@^6.0.0
670 silly packumentCache full:https://registry.npmjs.org/locate-path cache-miss
671 http fetch GET 200 https://registry.npmjs.org/acorn-jsx 57ms (cache miss)
672 silly packumentCache full:https://registry.npmjs.org/acorn-jsx set size:undefined disposed:false
673 silly fetch manifest path-exists@^4.0.0
674 silly packumentCache full:https://registry.npmjs.org/path-exists cache-miss
675 http fetch GET 200 https://registry.npmjs.org/estraverse 62ms (cache miss)
676 silly packumentCache full:https://registry.npmjs.org/estraverse set size:undefined disposed:false
677 silly fetch manifest is-glob@^4.0.3
678 silly packumentCache full:https://registry.npmjs.org/is-glob cache-miss
679 http fetch GET 200 https://registry.npmjs.org/shebang-command 71ms (cache miss)
680 silly packumentCache full:https://registry.npmjs.org/shebang-command set size:undefined disposed:false
681 silly fetch manifest is-extglob@^2.1.1
682 silly packumentCache full:https://registry.npmjs.org/is-extglob cache-miss
683 http cache https://registry.npmjs.org/is-glob 3ms (cache hit)
684 silly packumentCache full:https://registry.npmjs.org/is-glob set size:40530 disposed:false
685 silly fetch manifest brace-expansion@^1.1.7
686 silly packumentCache full:https://registry.npmjs.org/brace-expansion cache-miss
687 http fetch GET 200 https://registry.npmjs.org/acorn 65ms (cache miss)
688 silly packumentCache full:https://registry.npmjs.org/acorn set size:undefined disposed:false
689 silly fetch manifest prelude-ls@^1.2.1
690 silly packumentCache full:https://registry.npmjs.org/prelude-ls cache-miss
691 http fetch GET 200 https://registry.npmjs.org/flat-cache 51ms (cache miss)
692 silly packumentCache full:https://registry.npmjs.org/flat-cache set size:undefined disposed:false
693 silly fetch manifest deep-is@^0.1.3
694 silly packumentCache full:https://registry.npmjs.org/deep-is cache-miss
695 http fetch GET 200 https://registry.npmjs.org/locate-path 57ms (cache miss)
696 silly packumentCache full:https://registry.npmjs.org/locate-path set size:undefined disposed:false
697 silly fetch manifest word-wrap@^1.2.5
698 silly packumentCache full:https://registry.npmjs.org/word-wrap cache-miss
699 http fetch GET 200 https://registry.npmjs.org/estraverse 69ms (cache miss)
700 silly packumentCache full:https://registry.npmjs.org/estraverse set size:undefined disposed:false
701 silly fetch manifest type-check@^0.4.0
702 silly packumentCache full:https://registry.npmjs.org/type-check cache-miss
703 http fetch GET 200 https://registry.npmjs.org/is-extglob 45ms (cache miss)
704 silly packumentCache full:https://registry.npmjs.org/is-extglob set size:undefined disposed:false
705 silly fetch manifest fast-levenshtein@^2.0.6
706 silly packumentCache full:https://registry.npmjs.org/fast-levenshtein cache-miss
707 http fetch GET 200 https://registry.npmjs.org/path-exists 47ms (cache miss)
708 silly packumentCache full:https://registry.npmjs.org/path-exists set size:undefined disposed:false
709 http fetch GET 200 https://registry.npmjs.org/brace-expansion 52ms (cache miss)
710 silly packumentCache full:https://registry.npmjs.org/brace-expansion set size:undefined disposed:false
711 http fetch GET 200 https://registry.npmjs.org/prelude-ls 50ms (cache miss)
712 silly packumentCache full:https://registry.npmjs.org/prelude-ls set size:undefined disposed:false
713 http fetch GET 200 https://registry.npmjs.org/deep-is 50ms (cache miss)
714 silly packumentCache full:https://registry.npmjs.org/deep-is set size:undefined disposed:false
715 http fetch GET 200 https://registry.npmjs.org/fast-levenshtein 50ms (cache miss)
716 silly packumentCache full:https://registry.npmjs.org/fast-levenshtein set size:undefined disposed:false
717 http fetch GET 200 https://registry.npmjs.org/word-wrap 66ms (cache miss)
718 silly packumentCache full:https://registry.npmjs.org/word-wrap set size:undefined disposed:false
719 http fetch GET 200 https://registry.npmjs.org/type-check 98ms (cache miss)
720 silly packumentCache full:https://registry.npmjs.org/type-check set size:undefined disposed:false
721 silly placeDep node_modules/@eslint-community/eslint-utils eslint-visitor-keys@3.4.3 OK for: @eslint-community/eslint-utils@4.9.0 want: ^3.4.3
722 silly placeDep ROOT @eslint/object-schema@2.1.7 OK for: @eslint/config-array@0.21.1 want: ^2.1.7
723 silly placeDep ROOT @types/json-schema@7.0.15 OK for: @eslint/core@0.17.0 want: ^7.0.15
724 silly placeDep ROOT globals@14.0.0 OK for: @eslint/eslintrc@3.3.1 want: ^14.0.0
725 silly placeDep ROOT import-fresh@3.3.1 OK for: @eslint/eslintrc@3.3.1 want: ^3.2.1
726 silly placeDep ROOT js-yaml@4.1.1 OK for: @eslint/eslintrc@3.3.1 want: ^4.1.0
727 silly placeDep ROOT strip-json-comments@3.1.1 OK for: @eslint/eslintrc@3.3.1 want: ^3.1.1
728 silly fetch manifest parent-module@^1.0.0
729 silly packumentCache full:https://registry.npmjs.org/parent-module cache-miss
730 silly fetch manifest resolve-from@^4.0.0
731 silly packumentCache full:https://registry.npmjs.org/resolve-from cache-miss
732 silly fetch manifest argparse@^2.0.1
733 silly packumentCache full:https://registry.npmjs.org/argparse cache-miss
734 http fetch GET 200 https://registry.npmjs.org/parent-module 52ms (cache miss)
735 silly packumentCache full:https://registry.npmjs.org/parent-module set size:undefined disposed:false
736 http fetch GET 200 https://registry.npmjs.org/argparse 70ms (cache miss)
737 silly packumentCache full:https://registry.npmjs.org/argparse set size:undefined disposed:false
738 http fetch GET 200 https://registry.npmjs.org/resolve-from 71ms (cache miss)
739 silly packumentCache full:https://registry.npmjs.org/resolve-from set size:undefined disposed:false
740 silly placeDep ROOT levn@0.4.1 OK for: @eslint/plugin-kit@0.4.1 want: ^0.4.1
741 silly fetch manifest type-check@~0.4.0
742 silly packumentCache full:https://registry.npmjs.org/type-check cache-miss
743 http cache https://registry.npmjs.org/type-check 1ms (cache hit)
744 silly packumentCache full:https://registry.npmjs.org/type-check set size:21221 disposed:false
745 silly placeDep ROOT @humanfs/core@0.19.1 OK for: @humanfs/node@0.16.7 want: ^0.19.1
746 silly placeDep ROOT fast-json-stable-stringify@2.1.0 OK for: ajv@6.12.6 want: ^2.0.0
747 silly placeDep ROOT json-schema-traverse@0.4.1 OK for: ajv@6.12.6 want: ^0.4.1
748 silly placeDep ROOT uri-js@4.4.1 OK for: ajv@6.12.6 want: ^4.2.2
749 silly fetch manifest punycode@^2.1.0
750 silly packumentCache full:https://registry.npmjs.org/punycode cache-miss
751 http fetch GET 200 https://registry.npmjs.org/punycode 76ms (cache miss)
752 silly packumentCache full:https://registry.npmjs.org/punycode set size:undefined disposed:false
753 silly placeDep ROOT ansi-styles@4.3.0 OK for: chalk@4.1.2 want: ^4.1.0
754 silly placeDep ROOT supports-color@7.2.0 OK for: chalk@4.1.2 want: ^7.1.0
755 silly fetch manifest color-convert@^2.0.1
756 silly packumentCache full:https://registry.npmjs.org/color-convert cache-miss
757 silly fetch manifest has-flag@^4.0.0
758 silly packumentCache full:https://registry.npmjs.org/has-flag cache-miss
759 http fetch GET 200 https://registry.npmjs.org/color-convert 58ms (cache miss)
760 silly packumentCache full:https://registry.npmjs.org/color-convert set size:undefined disposed:false
761 http fetch GET 200 https://registry.npmjs.org/has-flag 62ms (cache miss)
762 silly packumentCache full:https://registry.npmjs.org/has-flag set size:undefined disposed:false
763 silly placeDep ROOT color-convert@2.0.1 OK for: ansi-styles@4.3.0 want: ^2.0.1
764 silly fetch manifest color-name@~1.1.4
765 silly packumentCache full:https://registry.npmjs.org/color-name cache-miss
766 http fetch GET 200 https://registry.npmjs.org/color-name 80ms (cache miss)
767 silly packumentCache full:https://registry.npmjs.org/color-name set size:undefined disposed:false
768 silly placeDep ROOT color-name@1.1.4 OK for: color-convert@2.0.1 want: ~1.1.4
769 silly placeDep ROOT path-key@3.1.1 OK for: cross-spawn@7.0.6 want: ^3.1.0
770 silly placeDep ROOT shebang-command@2.0.0 OK for: cross-spawn@7.0.6 want: ^2.0.0
771 silly placeDep ROOT which@2.0.2 OK for: cross-spawn@7.0.6 want: ^2.0.1
772 silly fetch manifest shebang-regex@^3.0.0
773 silly packumentCache full:https://registry.npmjs.org/shebang-regex cache-miss
774 silly fetch manifest isexe@^2.0.0
775 silly packumentCache full:https://registry.npmjs.org/isexe cache-miss
776 http fetch GET 200 https://registry.npmjs.org/shebang-regex 70ms (cache miss)
777 silly packumentCache full:https://registry.npmjs.org/shebang-regex set size:undefined disposed:false
778 http fetch GET 200 https://registry.npmjs.org/isexe 71ms (cache miss)
779 silly packumentCache full:https://registry.npmjs.org/isexe set size:undefined disposed:false
780 silly placeDep ROOT esrecurse@4.3.0 OK for: eslint-scope@8.4.0 want: ^4.3.0
781 silly placeDep ROOT estraverse@5.3.0 OK for: eslint-scope@8.4.0 want: ^5.2.0
782 silly placeDep ROOT acorn@8.15.0 OK for: espree@10.4.0 want: ^8.15.0
783 silly placeDep ROOT acorn-jsx@5.3.2 OK for: espree@10.4.0 want: ^5.3.2
784 silly placeDep ROOT flat-cache@4.0.1 OK for: file-entry-cache@8.0.0 want: ^4.0.0
785 silly fetch manifest keyv@^4.5.4
786 silly packumentCache full:https://registry.npmjs.org/keyv cache-miss
787 silly fetch manifest flatted@^3.2.9
788 silly packumentCache full:https://registry.npmjs.org/flatted cache-miss
789 http fetch GET 200 https://registry.npmjs.org/flatted 47ms (cache miss)
790 silly packumentCache full:https://registry.npmjs.org/flatted set size:undefined disposed:false
791 http fetch GET 200 https://registry.npmjs.org/keyv 67ms (cache miss)
792 silly packumentCache full:https://registry.npmjs.org/keyv set size:undefined disposed:false
793 silly placeDep ROOT locate-path@6.0.0 OK for: find-up@5.0.0 want: ^6.0.0
794 silly placeDep ROOT path-exists@4.0.0 OK for: find-up@5.0.0 want: ^4.0.0
795 silly fetch manifest p-locate@^5.0.0
796 silly packumentCache full:https://registry.npmjs.org/p-locate cache-miss
797 http fetch GET 200 https://registry.npmjs.org/p-locate 59ms (cache miss)
798 silly packumentCache full:https://registry.npmjs.org/p-locate set size:undefined disposed:false
799 silly placeDep ROOT flatted@3.3.3 OK for: flat-cache@4.0.1 want: ^3.2.9
800 silly placeDep ROOT keyv@4.5.4 OK for: flat-cache@4.0.1 want: ^4.5.4
801 silly fetch manifest json-buffer@3.0.1
802 silly packumentCache full:https://registry.npmjs.org/json-buffer cache-miss
803 http fetch GET 200 https://registry.npmjs.org/json-buffer 58ms (cache miss)
804 silly packumentCache full:https://registry.npmjs.org/json-buffer set size:undefined disposed:false
805 silly placeDep ROOT parent-module@1.0.1 OK for: import-fresh@3.3.1 want: ^1.0.0
806 silly placeDep ROOT resolve-from@4.0.0 OK for: import-fresh@3.3.1 want: ^4.0.0
807 silly fetch manifest callsites@^3.0.0
808 silly packumentCache full:https://registry.npmjs.org/callsites cache-miss
809 http fetch GET 200 https://registry.npmjs.org/callsites 53ms (cache miss)
810 silly packumentCache full:https://registry.npmjs.org/callsites set size:undefined disposed:false
811 silly placeDep ROOT is-extglob@2.1.1 OK for: is-glob@4.0.3 want: ^2.1.1
812 silly placeDep ROOT argparse@2.0.1 OK for: js-yaml@4.1.1 want: ^2.0.1
813 silly placeDep ROOT json-buffer@3.0.1 OK for: keyv@4.5.4 want: 3.0.1
814 silly placeDep ROOT prelude-ls@1.2.1 OK for: levn@0.4.1 want: ^1.2.1
815 silly placeDep ROOT type-check@0.4.0 OK for: levn@0.4.1 want: ~0.4.0
816 silly placeDep ROOT p-locate@5.0.0 OK for: locate-path@6.0.0 want: ^5.0.0
817 silly fetch manifest p-limit@^3.0.2
818 silly packumentCache full:https://registry.npmjs.org/p-limit cache-miss
819 http fetch GET 200 https://registry.npmjs.org/p-limit 57ms (cache miss)
820 silly packumentCache full:https://registry.npmjs.org/p-limit set size:undefined disposed:false
821 silly placeDep ROOT yallist@3.1.1 OK for: lru-cache@5.1.1 want: ^3.0.2
822 silly placeDep ROOT brace-expansion@1.1.12 OK for: minimatch@3.1.2 want: ^1.1.7
823 silly fetch manifest balanced-match@^1.0.0
824 silly packumentCache full:https://registry.npmjs.org/balanced-match cache-miss
825 silly fetch manifest concat-map@0.0.1
826 silly packumentCache full:https://registry.npmjs.org/concat-map cache-miss
827 http fetch GET 200 https://registry.npmjs.org/balanced-match 60ms (cache miss)
828 silly packumentCache full:https://registry.npmjs.org/balanced-match set size:undefined disposed:false
829 http fetch GET 200 https://registry.npmjs.org/concat-map 63ms (cache miss)
830 silly packumentCache full:https://registry.npmjs.org/concat-map set size:undefined disposed:false
831 silly placeDep ROOT balanced-match@1.0.2 OK for: brace-expansion@1.1.12 want: ^1.0.0
832 silly placeDep ROOT concat-map@0.0.1 OK for: brace-expansion@1.1.12 want: 0.0.1
833 silly placeDep ROOT deep-is@0.1.4 OK for: optionator@0.9.4 want: ^0.1.3
834 silly placeDep ROOT fast-levenshtein@2.0.6 OK for: optionator@0.9.4 want: ^2.0.6
835 silly placeDep ROOT word-wrap@1.2.5 OK for: optionator@0.9.4 want: ^1.2.5
836 silly placeDep ROOT p-limit@3.1.0 OK for: p-locate@5.0.0 want: ^3.0.2
837 silly fetch manifest yocto-queue@^0.1.0
838 silly packumentCache full:https://registry.npmjs.org/yocto-queue cache-miss
839 http fetch GET 200 https://registry.npmjs.org/yocto-queue 66ms (cache miss)
840 silly packumentCache full:https://registry.npmjs.org/yocto-queue set size:undefined disposed:false
841 silly placeDep ROOT yocto-queue@0.1.0 OK for: p-limit@3.1.0 want: ^0.1.0
842 silly placeDep ROOT callsites@3.1.0 OK for: parent-module@1.0.1 want: ^3.0.0
843 silly placeDep ROOT shebang-regex@3.0.0 OK for: shebang-command@2.0.0 want: ^3.0.0
844 silly placeDep ROOT has-flag@4.0.0 OK for: supports-color@7.2.0 want: ^4.0.0
845 silly placeDep ROOT escalade@3.2.0 OK for: update-browserslist-db@1.1.4 want: ^3.2.0
846 silly placeDep ROOT punycode@2.3.1 OK for: uri-js@4.4.1 want: ^2.1.0
847 silly placeDep ROOT esbuild@0.25.12 OK for: vite@7.2.2 want: ^0.25.0
848 silly placeDep ROOT fdir@6.5.0 OK for: vite@7.2.2 want: ^6.5.0
849 silly placeDep ROOT fsevents@2.3.3 OK for: vite@7.2.2 want: ~2.3.3
850 silly placeDep ROOT picomatch@4.0.3 OK for: vite@7.2.2 want: ^4.0.3
851 silly placeDep ROOT postcss@8.5.6 OK for: vite@7.2.2 want: ^8.5.6
852 silly placeDep ROOT rollup@4.53.2 OK for: vite@7.2.2 want: ^4.43.0
853 silly placeDep ROOT tinyglobby@0.2.15 OK for: vite@7.2.2 want: ^0.2.15
854 silly fetch manifest @esbuild/aix-ppc64@0.25.12
855 silly packumentCache full:https://registry.npmjs.org/@esbuild%2faix-ppc64 cache-miss
856 silly fetch manifest @esbuild/linux-arm@0.25.12
857 silly packumentCache full:https://registry.npmjs.org/@esbuild%2flinux-arm cache-miss
858 silly fetch manifest @esbuild/linux-x64@0.25.12
859 silly packumentCache full:https://registry.npmjs.org/@esbuild%2flinux-x64 cache-miss
860 silly fetch manifest @esbuild/sunos-x64@0.25.12
861 silly packumentCache full:https://registry.npmjs.org/@esbuild%2fsunos-x64 cache-miss
862 silly fetch manifest @esbuild/win32-x64@0.25.12
863 silly packumentCache full:https://registry.npmjs.org/@esbuild%2fwin32-x64 cache-miss
864 silly fetch manifest @esbuild/darwin-x64@0.25.12
865 silly packumentCache full:https://registry.npmjs.org/@esbuild%2fdarwin-x64 cache-miss
866 silly fetch manifest @esbuild/linux-ia32@0.25.12
867 silly packumentCache full:https://registry.npmjs.org/@esbuild%2flinux-ia32 cache-miss
868 http fetch GET 200 https://registry.npmjs.org/@esbuild%2faix-ppc64 78ms (cache miss)
869 silly packumentCache full:https://registry.npmjs.org/@esbuild%2faix-ppc64 set size:undefined disposed:false
870 silly fetch manifest @esbuild/netbsd-x64@0.25.12
871 silly packumentCache full:https://registry.npmjs.org/@esbuild%2fnetbsd-x64 cache-miss
872 http fetch GET 200 https://registry.npmjs.org/@esbuild%2fsunos-x64 81ms (cache miss)
873 silly packumentCache full:https://registry.npmjs.org/@esbuild%2fsunos-x64 set size:undefined disposed:false
874 silly fetch manifest @esbuild/win32-ia32@0.25.12
875 silly packumentCache full:https://registry.npmjs.org/@esbuild%2fwin32-ia32 cache-miss
876 http fetch GET 200 https://registry.npmjs.org/@esbuild%2flinux-ia32 84ms (cache miss)
877 silly packumentCache full:https://registry.npmjs.org/@esbuild%2flinux-ia32 set size:undefined disposed:false
878 silly fetch manifest @esbuild/android-arm@0.25.12
879 silly packumentCache full:https://registry.npmjs.org/@esbuild%2fandroid-arm cache-miss
880 http fetch GET 200 https://registry.npmjs.org/@esbuild%2fwin32-x64 87ms (cache miss)
881 silly packumentCache full:https://registry.npmjs.org/@esbuild%2fwin32-x64 set size:undefined disposed:false
882 silly fetch manifest @esbuild/android-x64@0.25.12
883 silly packumentCache full:https://registry.npmjs.org/@esbuild%2fandroid-x64 cache-miss
884 http fetch GET 200 https://registry.npmjs.org/@esbuild%2fdarwin-x64 102ms (cache miss)
885 silly packumentCache full:https://registry.npmjs.org/@esbuild%2fdarwin-x64 set size:undefined disposed:false
886 silly fetch manifest @esbuild/freebsd-x64@0.25.12
887 silly packumentCache full:https://registry.npmjs.org/@esbuild%2ffreebsd-x64 cache-miss
888 http fetch GET 200 https://registry.npmjs.org/@esbuild%2fwin32-ia32 71ms (cache miss)
889 silly packumentCache full:https://registry.npmjs.org/@esbuild%2fwin32-ia32 set size:undefined disposed:false
890 silly fetch manifest @esbuild/linux-arm64@0.25.12
891 silly packumentCache full:https://registry.npmjs.org/@esbuild%2flinux-arm64 cache-miss
892 http fetch GET 200 https://registry.npmjs.org/@esbuild%2fandroid-x64 72ms (cache miss)
893 silly packumentCache full:https://registry.npmjs.org/@esbuild%2fandroid-x64 set size:undefined disposed:false
894 silly fetch manifest @esbuild/linux-ppc64@0.25.12
895 silly packumentCache full:https://registry.npmjs.org/@esbuild%2flinux-ppc64 cache-miss
896 http fetch GET 200 https://registry.npmjs.org/@esbuild%2ffreebsd-x64 72ms (cache miss)
897 silly packumentCache full:https://registry.npmjs.org/@esbuild%2ffreebsd-x64 set size:undefined disposed:false
898 silly fetch manifest @esbuild/linux-s390x@0.25.12
899 silly packumentCache full:https://registry.npmjs.org/@esbuild%2flinux-s390x cache-miss
900 http fetch GET 200 https://registry.npmjs.org/@esbuild%2fandroid-arm 95ms (cache miss)
901 silly packumentCache full:https://registry.npmjs.org/@esbuild%2fandroid-arm set size:undefined disposed:false
902 silly fetch manifest @esbuild/openbsd-x64@0.25.12
903 silly packumentCache full:https://registry.npmjs.org/@esbuild%2fopenbsd-x64 cache-miss
904 http fetch GET 200 https://registry.npmjs.org/@esbuild%2flinux-arm64 75ms (cache miss)
905 silly packumentCache full:https://registry.npmjs.org/@esbuild%2flinux-arm64 set size:undefined disposed:false
906 silly fetch manifest @esbuild/win32-arm64@0.25.12
907 silly packumentCache full:https://registry.npmjs.org/@esbuild%2fwin32-arm64 cache-miss
908 http fetch GET 200 https://registry.npmjs.org/@esbuild%2flinux-ppc64 72ms (cache miss)
909 silly packumentCache full:https://registry.npmjs.org/@esbuild%2flinux-ppc64 set size:undefined disposed:false
910 silly fetch manifest @esbuild/darwin-arm64@0.25.12
911 silly packumentCache full:https://registry.npmjs.org/@esbuild%2fdarwin-arm64 cache-miss
912 http fetch GET 200 https://registry.npmjs.org/@esbuild%2flinux-s390x 70ms (cache miss)
913 silly packumentCache full:https://registry.npmjs.org/@esbuild%2flinux-s390x set size:undefined disposed:false
914 silly fetch manifest @esbuild/netbsd-arm64@0.25.12
915 silly packumentCache full:https://registry.npmjs.org/@esbuild%2fnetbsd-arm64 cache-miss
916 http fetch GET 200 https://registry.npmjs.org/@esbuild%2fnetbsd-arm64 71ms (cache miss)
917 silly packumentCache full:https://registry.npmjs.org/@esbuild%2fnetbsd-arm64 set size:undefined disposed:false
918 silly fetch manifest @esbuild/android-arm64@0.25.12
919 silly packumentCache full:https://registry.npmjs.org/@esbuild%2fandroid-arm64 cache-miss
920 http fetch GET 200 https://registry.npmjs.org/@esbuild%2fdarwin-arm64 89ms (cache miss)
921 silly packumentCache full:https://registry.npmjs.org/@esbuild%2fdarwin-arm64 set size:undefined disposed:false
922 silly fetch manifest @esbuild/freebsd-arm64@0.25.12
923 silly packumentCache full:https://registry.npmjs.org/@esbuild%2ffreebsd-arm64 cache-miss
924 http fetch GET 200 https://registry.npmjs.org/@esbuild%2fnetbsd-x64 247ms (cache miss)
925 silly packumentCache full:https://registry.npmjs.org/@esbuild%2fnetbsd-x64 set size:undefined disposed:false
926 silly fetch manifest @esbuild/linux-loong64@0.25.12
927 silly packumentCache full:https://registry.npmjs.org/@esbuild%2flinux-loong64 cache-miss
928 http fetch GET 200 https://registry.npmjs.org/@esbuild%2fwin32-arm64 96ms (cache miss)
929 silly packumentCache full:https://registry.npmjs.org/@esbuild%2fwin32-arm64 set size:undefined disposed:false
930 silly fetch manifest @esbuild/linux-riscv64@0.25.12
931 silly packumentCache full:https://registry.npmjs.org/@esbuild%2flinux-riscv64 cache-miss
932 http fetch GET 200 https://registry.npmjs.org/@esbuild%2fopenbsd-x64 160ms (cache miss)
933 silly packumentCache full:https://registry.npmjs.org/@esbuild%2fopenbsd-x64 set size:undefined disposed:false
934 silly fetch manifest @esbuild/openbsd-arm64@0.25.12
935 silly packumentCache full:https://registry.npmjs.org/@esbuild%2fopenbsd-arm64 cache-miss
936 http fetch GET 200 https://registry.npmjs.org/@esbuild%2flinux-x64 352ms (cache miss)
937 silly packumentCache full:https://registry.npmjs.org/@esbuild%2flinux-x64 set size:undefined disposed:false
938 silly fetch manifest @esbuild/linux-mips64el@0.25.12
939 silly packumentCache full:https://registry.npmjs.org/@esbuild%2flinux-mips64el cache-miss
940 http fetch GET 200 https://registry.npmjs.org/@esbuild%2fandroid-arm64 78ms (cache miss)
941 silly packumentCache full:https://registry.npmjs.org/@esbuild%2fandroid-arm64 set size:undefined disposed:false
942 silly fetch manifest @esbuild/openharmony-arm64@0.25.12
943 silly packumentCache full:https://registry.npmjs.org/@esbuild%2fopenharmony-arm64 cache-miss
944 http fetch GET 200 https://registry.npmjs.org/@esbuild%2flinux-riscv64 76ms (cache miss)
945 silly packumentCache full:https://registry.npmjs.org/@esbuild%2flinux-riscv64 set size:undefined disposed:false
946 silly fetch manifest nanoid@^3.3.11
947 silly packumentCache full:https://registry.npmjs.org/nanoid cache-miss
948 http fetch GET 200 https://registry.npmjs.org/@esbuild%2flinux-loong64 80ms (cache miss)
949 silly packumentCache full:https://registry.npmjs.org/@esbuild%2flinux-loong64 set size:undefined disposed:false
950 silly fetch manifest source-map-js@^1.2.1
951 silly packumentCache full:https://registry.npmjs.org/source-map-js cache-miss
952 http fetch GET 200 https://registry.npmjs.org/@esbuild%2ffreebsd-arm64 87ms (cache miss)
953 silly packumentCache full:https://registry.npmjs.org/@esbuild%2ffreebsd-arm64 set size:undefined disposed:false
954 silly fetch manifest @rollup/rollup-darwin-arm64@4.53.2
955 silly packumentCache full:https://registry.npmjs.org/@rollup%2frollup-darwin-arm64 cache-miss
956 http fetch GET 200 https://registry.npmjs.org/@esbuild%2fopenbsd-arm64 86ms (cache miss)
957 silly packumentCache full:https://registry.npmjs.org/@esbuild%2fopenbsd-arm64 set size:undefined disposed:false
958 silly fetch manifest @rollup/rollup-android-arm64@4.53.2
959 silly packumentCache full:https://registry.npmjs.org/@rollup%2frollup-android-arm64 cache-miss
960 http fetch GET 200 https://registry.npmjs.org/source-map-js 52ms (cache miss)
961 silly packumentCache full:https://registry.npmjs.org/source-map-js set size:undefined disposed:false
962 silly fetch manifest @rollup/rollup-win32-arm64-msvc@4.53.2
963 silly packumentCache full:https://registry.npmjs.org/@rollup%2frollup-win32-arm64-msvc cache-miss
964 http fetch GET 200 https://registry.npmjs.org/nanoid 58ms (cache miss)
965 silly packumentCache full:https://registry.npmjs.org/nanoid set size:undefined disposed:false
966 silly fetch manifest @rollup/rollup-freebsd-arm64@4.53.2
967 silly packumentCache full:https://registry.npmjs.org/@rollup%2frollup-freebsd-arm64 cache-miss
968 http fetch GET 200 https://registry.npmjs.org/@esbuild%2flinux-mips64el 130ms (cache miss)
969 silly packumentCache full:https://registry.npmjs.org/@esbuild%2flinux-mips64el set size:undefined disposed:false
970 silly fetch manifest @rollup/rollup-linux-arm64-gnu@4.53.2
971 silly packumentCache full:https://registry.npmjs.org/@rollup%2frollup-linux-arm64-gnu cache-miss
972 http fetch GET 200 https://registry.npmjs.org/@rollup%2frollup-darwin-arm64 101ms (cache miss)
973 silly packumentCache full:https://registry.npmjs.org/@rollup%2frollup-darwin-arm64 set size:undefined disposed:false
974 silly fetch manifest @rollup/rollup-linux-arm64-musl@4.53.2
975 silly packumentCache full:https://registry.npmjs.org/@rollup%2frollup-linux-arm64-musl cache-miss
976 http fetch GET 200 https://registry.npmjs.org/@rollup%2frollup-android-arm64 90ms (cache miss)
977 silly packumentCache full:https://registry.npmjs.org/@rollup%2frollup-android-arm64 set size:undefined disposed:false
978 silly fetch manifest @rollup/rollup-android-arm-eabi@4.53.2
979 silly packumentCache full:https://registry.npmjs.org/@rollup%2frollup-android-arm-eabi cache-miss
980 http fetch GET 200 https://registry.npmjs.org/@rollup%2frollup-win32-arm64-msvc 83ms (cache miss)
981 silly packumentCache full:https://registry.npmjs.org/@rollup%2frollup-win32-arm64-msvc set size:undefined disposed:false
982 silly fetch manifest @rollup/rollup-linux-arm-gnueabihf@4.53.2
983 silly packumentCache full:https://registry.npmjs.org/@rollup%2frollup-linux-arm-gnueabihf cache-miss
984 http fetch GET 200 https://registry.npmjs.org/@rollup%2frollup-freebsd-arm64 80ms (cache miss)
985 silly packumentCache full:https://registry.npmjs.org/@rollup%2frollup-freebsd-arm64 set size:undefined disposed:false
986 silly fetch manifest @rollup/rollup-linux-arm-musleabihf@4.53.2
987 silly packumentCache full:https://registry.npmjs.org/@rollup%2frollup-linux-arm-musleabihf cache-miss
988 http fetch GET 200 https://registry.npmjs.org/@rollup%2frollup-linux-arm64-gnu 76ms (cache miss)
989 silly packumentCache full:https://registry.npmjs.org/@rollup%2frollup-linux-arm64-gnu set size:undefined disposed:false
990 silly fetch manifest @rollup/rollup-win32-ia32-msvc@4.53.2
991 silly packumentCache full:https://registry.npmjs.org/@rollup%2frollup-win32-ia32-msvc cache-miss
992 http fetch GET 200 https://registry.npmjs.org/@esbuild%2flinux-arm 593ms (cache miss)
993 silly packumentCache full:https://registry.npmjs.org/@esbuild%2flinux-arm set size:undefined disposed:false
994 silly fetch manifest @rollup/rollup-linux-loong64-gnu@4.53.2
995 silly packumentCache full:https://registry.npmjs.org/@rollup%2frollup-linux-loong64-gnu cache-miss
996 http fetch GET 200 https://registry.npmjs.org/@rollup%2frollup-linux-arm64-musl 83ms (cache miss)
997 silly packumentCache full:https://registry.npmjs.org/@rollup%2frollup-linux-arm64-musl set size:undefined disposed:false
998 silly fetch manifest @rollup/rollup-linux-riscv64-gnu@4.53.2
999 silly packumentCache full:https://registry.npmjs.org/@rollup%2frollup-linux-riscv64-gnu cache-miss
1000 http fetch GET 200 https://registry.npmjs.org/@rollup%2frollup-android-arm-eabi 87ms (cache miss)
1001 silly packumentCache full:https://registry.npmjs.org/@rollup%2frollup-android-arm-eabi set size:undefined disposed:false
1002 silly fetch manifest @rollup/rollup-linux-riscv64-musl@4.53.2
1003 silly packumentCache full:https://registry.npmjs.org/@rollup%2frollup-linux-riscv64-musl cache-miss
1004 http fetch GET 200 https://registry.npmjs.org/@rollup%2frollup-linux-arm-musleabihf 71ms (cache miss)
1005 silly packumentCache full:https://registry.npmjs.org/@rollup%2frollup-linux-arm-musleabihf set size:undefined disposed:false
1006 silly fetch manifest @rollup/rollup-linux-ppc64-gnu@4.53.2
1007 silly packumentCache full:https://registry.npmjs.org/@rollup%2frollup-linux-ppc64-gnu cache-miss
1008 http fetch GET 200 https://registry.npmjs.org/@rollup%2frollup-linux-arm-gnueabihf 80ms (cache miss)
1009 silly packumentCache full:https://registry.npmjs.org/@rollup%2frollup-linux-arm-gnueabihf set size:undefined disposed:false
1010 silly fetch manifest @rollup/rollup-linux-s390x-gnu@4.53.2
1011 silly packumentCache full:https://registry.npmjs.org/@rollup%2frollup-linux-s390x-gnu cache-miss
1012 http fetch GET 200 https://registry.npmjs.org/@rollup%2frollup-win32-ia32-msvc 73ms (cache miss)
1013 silly packumentCache full:https://registry.npmjs.org/@rollup%2frollup-win32-ia32-msvc set size:undefined disposed:false
1014 silly fetch manifest @rollup/rollup-darwin-x64@4.53.2
1015 silly packumentCache full:https://registry.npmjs.org/@rollup%2frollup-darwin-x64 cache-miss
1016 http fetch GET 200 https://registry.npmjs.org/@rollup%2frollup-linux-riscv64-gnu 84ms (cache miss)
1017 silly packumentCache full:https://registry.npmjs.org/@rollup%2frollup-linux-riscv64-gnu set size:undefined disposed:false
1018 silly fetch manifest @rollup/rollup-win32-x64-gnu@4.53.2
1019 silly packumentCache full:https://registry.npmjs.org/@rollup%2frollup-win32-x64-gnu cache-miss
1020 http fetch GET 200 https://registry.npmjs.org/@esbuild%2fopenharmony-arm64 284ms (cache miss)
1021 silly packumentCache full:https://registry.npmjs.org/@esbuild%2fopenharmony-arm64 set size:undefined disposed:false
1022 silly fetch manifest @rollup/rollup-win32-x64-msvc@4.53.2
1023 silly packumentCache full:https://registry.npmjs.org/@rollup%2frollup-win32-x64-msvc cache-miss
1024 http fetch GET 200 https://registry.npmjs.org/@rollup%2frollup-linux-riscv64-musl 77ms (cache miss)
1025 silly packumentCache full:https://registry.npmjs.org/@rollup%2frollup-linux-riscv64-musl set size:undefined disposed:false
1026 silly fetch manifest @rollup/rollup-freebsd-x64@4.53.2
1027 silly packumentCache full:https://registry.npmjs.org/@rollup%2frollup-freebsd-x64 cache-miss
1028 http fetch GET 200 https://registry.npmjs.org/@rollup%2frollup-linux-ppc64-gnu 69ms (cache miss)
1029 silly packumentCache full:https://registry.npmjs.org/@rollup%2frollup-linux-ppc64-gnu set size:undefined disposed:false
1030 silly fetch manifest @rollup/rollup-linux-x64-gnu@4.53.2
1031 silly packumentCache full:https://registry.npmjs.org/@rollup%2frollup-linux-x64-gnu cache-miss
1032 http fetch GET 200 https://registry.npmjs.org/@rollup%2frollup-darwin-x64 73ms (cache miss)
1033 silly packumentCache full:https://registry.npmjs.org/@rollup%2frollup-darwin-x64 set size:undefined disposed:false
1034 silly fetch manifest @rollup/rollup-linux-x64-musl@4.53.2
1035 silly packumentCache full:https://registry.npmjs.org/@rollup%2frollup-linux-x64-musl cache-miss
1036 http fetch GET 200 https://registry.npmjs.org/@rollup%2frollup-linux-s390x-gnu 94ms (cache miss)
1037 silly packumentCache full:https://registry.npmjs.org/@rollup%2frollup-linux-s390x-gnu set size:undefined disposed:false
1038 silly fetch manifest @rollup/rollup-openharmony-arm64@4.53.2
1039 silly packumentCache full:https://registry.npmjs.org/@rollup%2frollup-openharmony-arm64 cache-miss
1040 http fetch GET 200 https://registry.npmjs.org/@rollup%2frollup-win32-x64-msvc 67ms (cache miss)
1041 silly packumentCache full:https://registry.npmjs.org/@rollup%2frollup-win32-x64-msvc set size:undefined disposed:false
1042 http fetch GET 200 https://registry.npmjs.org/@rollup%2frollup-freebsd-x64 78ms (cache miss)
1043 silly packumentCache full:https://registry.npmjs.org/@rollup%2frollup-freebsd-x64 set size:undefined disposed:false
1044 http fetch GET 200 https://registry.npmjs.org/@rollup%2frollup-win32-x64-gnu 84ms (cache miss)
1045 silly packumentCache full:https://registry.npmjs.org/@rollup%2frollup-win32-x64-gnu set size:undefined disposed:false
1046 http fetch GET 200 https://registry.npmjs.org/@rollup%2frollup-linux-x64-gnu 91ms (cache miss)
1047 silly packumentCache full:https://registry.npmjs.org/@rollup%2frollup-linux-x64-gnu set size:undefined disposed:false
1048 http fetch GET 200 https://registry.npmjs.org/@rollup%2frollup-linux-x64-musl 79ms (cache miss)
1049 silly packumentCache full:https://registry.npmjs.org/@rollup%2frollup-linux-x64-musl set size:undefined disposed:false
1050 http fetch GET 200 https://registry.npmjs.org/@rollup%2frollup-openharmony-arm64 74ms (cache miss)
1051 silly packumentCache full:https://registry.npmjs.org/@rollup%2frollup-openharmony-arm64 set size:undefined disposed:false
1052 http fetch GET 200 https://registry.npmjs.org/@rollup%2frollup-linux-loong64-gnu 316ms (cache miss)
1053 silly packumentCache full:https://registry.npmjs.org/@rollup%2frollup-linux-loong64-gnu set size:undefined disposed:false
1054 silly placeDep ROOT @esbuild/aix-ppc64@0.25.12 OK for: esbuild@0.25.12 want: 0.25.12
1055 silly placeDep ROOT @esbuild/android-arm@0.25.12 OK for: esbuild@0.25.12 want: 0.25.12
1056 silly placeDep ROOT @esbuild/android-arm64@0.25.12 OK for: esbuild@0.25.12 want: 0.25.12
1057 silly placeDep ROOT @esbuild/android-x64@0.25.12 OK for: esbuild@0.25.12 want: 0.25.12
1058 silly placeDep ROOT @esbuild/darwin-arm64@0.25.12 OK for: esbuild@0.25.12 want: 0.25.12
1059 silly placeDep ROOT @esbuild/darwin-x64@0.25.12 OK for: esbuild@0.25.12 want: 0.25.12
1060 silly placeDep ROOT @esbuild/freebsd-arm64@0.25.12 OK for: esbuild@0.25.12 want: 0.25.12
1061 silly placeDep ROOT @esbuild/freebsd-x64@0.25.12 OK for: esbuild@0.25.12 want: 0.25.12
1062 silly placeDep ROOT @esbuild/linux-arm@0.25.12 OK for: esbuild@0.25.12 want: 0.25.12
1063 silly placeDep ROOT @esbuild/linux-arm64@0.25.12 OK for: esbuild@0.25.12 want: 0.25.12
1064 silly placeDep ROOT @esbuild/linux-ia32@0.25.12 OK for: esbuild@0.25.12 want: 0.25.12
1065 silly placeDep ROOT @esbuild/linux-loong64@0.25.12 OK for: esbuild@0.25.12 want: 0.25.12
1066 silly placeDep ROOT @esbuild/linux-mips64el@0.25.12 OK for: esbuild@0.25.12 want: 0.25.12
1067 silly placeDep ROOT @esbuild/linux-ppc64@0.25.12 OK for: esbuild@0.25.12 want: 0.25.12
1068 silly placeDep ROOT @esbuild/linux-riscv64@0.25.12 OK for: esbuild@0.25.12 want: 0.25.12
1069 silly placeDep ROOT @esbuild/linux-s390x@0.25.12 OK for: esbuild@0.25.12 want: 0.25.12
1070 silly placeDep ROOT @esbuild/linux-x64@0.25.12 OK for: esbuild@0.25.12 want: 0.25.12
1071 silly placeDep ROOT @esbuild/netbsd-arm64@0.25.12 OK for: esbuild@0.25.12 want: 0.25.12
1072 silly placeDep ROOT @esbuild/netbsd-x64@0.25.12 OK for: esbuild@0.25.12 want: 0.25.12
1073 silly placeDep ROOT @esbuild/openbsd-arm64@0.25.12 OK for: esbuild@0.25.12 want: 0.25.12
1074 silly placeDep ROOT @esbuild/openbsd-x64@0.25.12 OK for: esbuild@0.25.12 want: 0.25.12
1075 silly placeDep ROOT @esbuild/openharmony-arm64@0.25.12 OK for: esbuild@0.25.12 want: 0.25.12
1076 silly placeDep ROOT @esbuild/sunos-x64@0.25.12 OK for: esbuild@0.25.12 want: 0.25.12
1077 silly placeDep ROOT @esbuild/win32-arm64@0.25.12 OK for: esbuild@0.25.12 want: 0.25.12
1078 silly placeDep ROOT @esbuild/win32-ia32@0.25.12 OK for: esbuild@0.25.12 want: 0.25.12
1079 silly placeDep ROOT @esbuild/win32-x64@0.25.12 OK for: esbuild@0.25.12 want: 0.25.12
1080 silly placeDep ROOT nanoid@3.3.11 OK for: postcss@8.5.6 want: ^3.3.11
1081 silly placeDep ROOT source-map-js@1.2.1 OK for: postcss@8.5.6 want: ^1.2.1
1082 silly placeDep ROOT @rollup/rollup-android-arm-eabi@4.53.2 OK for: rollup@4.53.2 want: 4.53.2
1083 silly placeDep ROOT @rollup/rollup-android-arm64@4.53.2 OK for: rollup@4.53.2 want: 4.53.2
1084 silly placeDep ROOT @rollup/rollup-darwin-arm64@4.53.2 OK for: rollup@4.53.2 want: 4.53.2
1085 silly placeDep ROOT @rollup/rollup-darwin-x64@4.53.2 OK for: rollup@4.53.2 want: 4.53.2
1086 silly placeDep ROOT @rollup/rollup-freebsd-arm64@4.53.2 OK for: rollup@4.53.2 want: 4.53.2
1087 silly placeDep ROOT @rollup/rollup-freebsd-x64@4.53.2 OK for: rollup@4.53.2 want: 4.53.2
1088 silly placeDep ROOT @rollup/rollup-linux-arm-gnueabihf@4.53.2 OK for: rollup@4.53.2 want: 4.53.2
1089 silly placeDep ROOT @rollup/rollup-linux-arm-musleabihf@4.53.2 OK for: rollup@4.53.2 want: 4.53.2
1090 silly placeDep ROOT @rollup/rollup-linux-arm64-gnu@4.53.2 OK for: rollup@4.53.2 want: 4.53.2
1091 silly placeDep ROOT @rollup/rollup-linux-arm64-musl@4.53.2 OK for: rollup@4.53.2 want: 4.53.2
1092 silly placeDep ROOT @rollup/rollup-linux-loong64-gnu@4.53.2 OK for: rollup@4.53.2 want: 4.53.2
1093 silly placeDep ROOT @rollup/rollup-linux-ppc64-gnu@4.53.2 OK for: rollup@4.53.2 want: 4.53.2
1094 silly placeDep ROOT @rollup/rollup-linux-riscv64-gnu@4.53.2 OK for: rollup@4.53.2 want: 4.53.2
1095 silly placeDep ROOT @rollup/rollup-linux-riscv64-musl@4.53.2 OK for: rollup@4.53.2 want: 4.53.2
1096 silly placeDep ROOT @rollup/rollup-linux-s390x-gnu@4.53.2 OK for: rollup@4.53.2 want: 4.53.2
1097 silly placeDep ROOT @rollup/rollup-linux-x64-gnu@4.53.2 OK for: rollup@4.53.2 want: 4.53.2
1098 silly placeDep ROOT @rollup/rollup-linux-x64-musl@4.53.2 OK for: rollup@4.53.2 want: 4.53.2
1099 silly placeDep ROOT @rollup/rollup-openharmony-arm64@4.53.2 OK for: rollup@4.53.2 want: 4.53.2
1100 silly placeDep ROOT @rollup/rollup-win32-arm64-msvc@4.53.2 OK for: rollup@4.53.2 want: 4.53.2
1101 silly placeDep ROOT @rollup/rollup-win32-ia32-msvc@4.53.2 OK for: rollup@4.53.2 want: 4.53.2
1102 silly placeDep ROOT @rollup/rollup-win32-x64-gnu@4.53.2 OK for: rollup@4.53.2 want: 4.53.2
1103 silly placeDep ROOT @rollup/rollup-win32-x64-msvc@4.53.2 OK for: rollup@4.53.2 want: 4.53.2
1104 silly placeDep ROOT isexe@2.0.0 OK for: which@2.0.2 want: ^2.0.0
1105 silly reify moves {}
1106 silly audit bulk request {
1106 silly audit   '@reduxjs/toolkit': [ '2.10.1' ],
1106 silly audit   '@standard-schema/spec': [ '1.0.0' ],
1106 silly audit   '@standard-schema/utils': [ '0.3.0' ],
1106 silly audit   '@types/d3-array': [ '3.2.2' ],
1106 silly audit   '@types/d3-color': [ '3.1.3' ],
1106 silly audit   '@types/d3-ease': [ '3.0.2' ],
1106 silly audit   '@types/d3-interpolate': [ '3.0.4' ],
1106 silly audit   '@types/d3-path': [ '3.1.1' ],
1106 silly audit   '@types/d3-scale': [ '4.0.9' ],
1106 silly audit   '@types/d3-shape': [ '3.1.7' ],
1106 silly audit   '@types/d3-time': [ '3.0.4' ],
1106 silly audit   '@types/d3-timer': [ '3.0.2' ],
1106 silly audit   '@types/use-sync-external-store': [ '0.0.6' ],
1106 silly audit   asynckit: [ '0.4.0' ],
1106 silly audit   axios: [ '1.13.2' ],
1106 silly audit   'call-bind-apply-helpers': [ '1.0.2' ],
1106 silly audit   clsx: [ '2.1.1' ],
1106 silly audit   'combined-stream': [ '1.0.8' ],
1106 silly audit   cookie: [ '1.0.2' ],
1106 silly audit   'd3-array': [ '3.2.4' ],
1106 silly audit   'd3-color': [ '3.1.0' ],
1106 silly audit   'd3-ease': [ '3.0.1' ],
1106 silly audit   'd3-format': [ '3.1.0' ],
1106 silly audit   'd3-interpolate': [ '3.0.1' ],
1106 silly audit   'd3-path': [ '3.1.0' ],
1106 silly audit   'd3-scale': [ '4.0.2' ],
1106 silly audit   'd3-shape': [ '3.2.0' ],
1106 silly audit   'd3-time': [ '3.1.0' ],
1106 silly audit   'd3-time-format': [ '4.1.0' ],
1106 silly audit   'd3-timer': [ '3.0.1' ],
1106 silly audit   'decimal.js-light': [ '2.5.1' ],
1106 silly audit   'delayed-stream': [ '1.0.0' ],
1106 silly audit   'dunder-proto': [ '1.0.1' ],
1106 silly audit   'es-define-property': [ '1.0.1' ],
1106 silly audit   'es-errors': [ '1.3.0' ],
1106 silly audit   'es-object-atoms': [ '1.1.1' ],
1106 silly audit   'es-set-tostringtag': [ '2.1.0' ],
1106 silly audit   'es-toolkit': [ '1.41.0' ],
1106 silly audit   eventemitter3: [ '5.0.1' ],
1106 silly audit   'follow-redirects': [ '1.15.11' ],
1106 silly audit   'form-data': [ '4.0.4' ],
1106 silly audit   'function-bind': [ '1.1.2' ],
1106 silly audit   'get-intrinsic': [ '1.3.0' ],
1106 silly audit   'get-proto': [ '1.0.1' ],
1106 silly audit   gopd: [ '1.2.0' ],
1106 silly audit   'has-symbols': [ '1.1.0' ],
1106 silly audit   'has-tostringtag': [ '1.0.2' ],
1106 silly audit   hasown: [ '2.0.2' ],
1106 silly audit   immer: [ '10.2.0' ],
1106 silly audit   internmap: [ '2.0.3' ],
1106 silly audit   'math-intrinsics': [ '1.1.0' ],
1106 silly audit   'mime-db': [ '1.52.0' ],
1106 silly audit   'mime-types': [ '2.1.35' ],
1106 silly audit   'proxy-from-env': [ '1.1.0' ],
1106 silly audit   react: [ '19.2.0' ],
1106 silly audit   'react-dom': [ '19.2.0' ],
1106 silly audit   'react-is': [ '19.2.0' ],
1106 silly audit   'react-redux': [ '9.2.0' ],
1106 silly audit   'react-router': [ '7.9.6' ],
1106 silly audit   'react-router-dom': [ '7.9.6' ],
1106 silly audit   recharts: [ '3.4.1' ],
1106 silly audit   redux: [ '5.0.1' ],
1106 silly audit   'redux-thunk': [ '3.1.0' ],
1106 silly audit   reselect: [ '5.1.1' ],
1106 silly audit   scheduler: [ '0.27.0' ],
1106 silly audit   'set-cookie-parser': [ '2.7.2' ],
1106 silly audit   'tiny-invariant': [ '1.3.3' ],
1106 silly audit   'use-sync-external-store': [ '1.6.0' ],
1106 silly audit   'victory-vendor': [ '37.3.6' ],
1106 silly audit   '@vitejs/plugin-react': [ '5.1.1' ],
1106 silly audit   eslint: [ '9.39.1' ],
1106 silly audit   vite: [ '7.2.2' ],
1106 silly audit   '@babel/core': [ '7.28.5' ],
1106 silly audit   '@babel/plugin-transform-react-jsx-self': [ '7.27.1' ],
1106 silly audit   '@babel/plugin-transform-react-jsx-source': [ '7.27.1' ],
1106 silly audit   '@rolldown/pluginutils': [ '1.0.0-beta.47' ],
1106 silly audit   '@types/babel__core': [ '7.20.5' ],
1106 silly audit   'react-refresh': [ '0.18.0' ],
1106 silly audit   '@babel/code-frame': [ '7.27.1' ],
1106 silly audit   '@babel/generator': [ '7.28.5' ],
1106 silly audit   '@babel/helper-compilation-targets': [ '7.27.2' ],
1106 silly audit   '@babel/helper-module-transforms': [ '7.28.3' ],
1106 silly audit   '@babel/helpers': [ '7.28.4' ],
1106 silly audit   '@babel/parser': [ '7.28.5' ],
1106 silly audit   '@babel/template': [ '7.27.2' ],
1106 silly audit   '@babel/traverse': [ '7.28.5' ],
1106 silly audit   '@babel/types': [ '7.28.5' ],
1106 silly audit   '@jridgewell/remapping': [ '2.3.5' ],
1106 silly audit   'convert-source-map': [ '2.0.0' ],
1106 silly audit   debug: [ '4.4.3' ],
1106 silly audit   gensync: [ '1.0.0-beta.2' ],
1106 silly audit   json5: [ '2.2.3' ],
1106 silly audit   semver: [ '6.3.1' ],
1106 silly audit   '@babel/helper-validator-identifier': [ '7.28.5' ],
1106 silly audit   'js-tokens': [ '4.0.0' ],
1106 silly audit   picocolors: [ '1.1.1' ],
1106 silly audit   '@jridgewell/gen-mapping': [ '0.3.13' ],
1106 silly audit   '@jridgewell/trace-mapping': [ '0.3.31' ],
1106 silly audit   jsesc: [ '3.1.0' ],
1106 silly audit   '@babel/compat-data': [ '7.28.5' ],
1106 silly audit   '@babel/helper-validator-option': [ '7.27.1' ],
1106 silly audit   browserslist: [ '4.28.0' ],
1106 silly audit   'lru-cache': [ '5.1.1' ],
1106 silly audit   '@babel/helper-module-imports': [ '7.27.1' ],
1106 silly audit   '@babel/helper-plugin-utils': [ '7.27.1' ],
1106 silly audit   '@babel/helper-globals': [ '7.28.0' ],
1106 silly audit   '@babel/helper-string-parser': [ '7.27.1' ],
1106 silly audit   '@jridgewell/sourcemap-codec': [ '1.5.5' ],
1106 silly audit   '@jridgewell/resolve-uri': [ '3.1.2' ],
1106 silly audit   '@types/babel__generator': [ '7.27.0' ],
1106 silly audit   '@types/babel__template': [ '7.4.4' ],
1106 silly audit   '@types/babel__traverse': [ '7.28.0' ],
1106 silly audit   'baseline-browser-mapping': [ '2.8.28' ],
1106 silly audit   'caniuse-lite': [ '1.0.30001754' ],
1106 silly audit   'electron-to-chromium': [ '1.5.252' ],
1106 silly audit   'node-releases': [ '2.0.27' ],
1106 silly audit   'update-browserslist-db': [ '1.1.4' ],
1106 silly audit   ms: [ '2.1.3' ],
1106 silly audit   '@eslint-community/eslint-utils': [ '4.9.0' ],
1106 silly audit   '@eslint-community/regexpp': [ '4.12.2' ],
1106 silly audit   '@eslint/config-array': [ '0.21.1' ],
1106 silly audit   '@eslint/config-helpers': [ '0.4.2' ],
1106 silly audit   '@eslint/core': [ '0.17.0' ],
1106 silly audit   '@eslint/eslintrc': [ '3.3.1' ],
1106 silly audit   '@eslint/js': [ '9.39.1' ],
1106 silly audit   '@eslint/plugin-kit': [ '0.4.1' ],
1106 silly audit   '@humanfs/node': [ '0.16.7' ],
1106 silly audit   '@humanwhocodes/module-importer': [ '1.0.1' ],
1106 silly audit   '@humanwhocodes/retry': [ '0.4.3' ],
1106 silly audit   '@types/estree': [ '1.0.8' ],
1106 silly audit   ajv: [ '6.12.6' ],
1106 silly audit   chalk: [ '4.1.2' ],
1106 silly audit   'cross-spawn': [ '7.0.6' ],
1106 silly audit   'escape-string-regexp': [ '4.0.0' ],
1106 silly audit   'eslint-scope': [ '8.4.0' ],
1106 silly audit   'eslint-visitor-keys': [ '4.2.1', '3.4.3' ],
1106 silly audit   espree: [ '10.4.0' ],
1106 silly audit   esquery: [ '1.6.0' ],
1106 silly audit   esutils: [ '2.0.3' ],
1106 silly audit   'fast-deep-equal': [ '3.1.3' ],
1106 silly audit   'file-entry-cache': [ '8.0.0' ],
1106 silly audit   'find-up': [ '5.0.0' ],
1106 silly audit   'glob-parent': [ '6.0.2' ],
1106 silly audit   ignore: [ '5.3.2' ],
1106 silly audit   imurmurhash: [ '0.1.4' ],
1106 silly audit   'is-glob': [ '4.0.3' ],
1106 silly audit   'json-stable-stringify-without-jsonify': [ '1.0.1' ],
1106 silly audit   'lodash.merge': [ '4.6.2' ],
1106 silly audit   minimatch: [ '3.1.2' ],
1106 silly audit   'natural-compare': [ '1.4.0' ],
1106 silly audit   optionator: [ '0.9.4' ],
1106 silly audit   '@eslint/object-schema': [ '2.1.7' ],
1106 silly audit   '@types/json-schema': [ '7.0.15' ],
1106 silly audit   globals: [ '14.0.0' ],
1106 silly audit   'import-fresh': [ '3.3.1' ],
1106 silly audit   'js-yaml': [ '4.1.1' ],
1106 silly audit   'strip-json-comments': [ '3.1.1' ],
1106 silly audit   levn: [ '0.4.1' ],
1106 silly audit   '@humanfs/core': [ '0.19.1' ],
1106 silly audit   'fast-json-stable-stringify': [ '2.1.0' ],
1106 silly audit   'json-schema-traverse': [ '0.4.1' ],
1106 silly audit   'uri-js': [ '4.4.1' ],
1106 silly audit   'ansi-styles': [ '4.3.0' ],
1106 silly audit   'supports-color': [ '7.2.0' ],
1106 silly audit   'color-convert': [ '2.0.1' ],
1106 silly audit   'color-name': [ '1.1.4' ],
1106 silly audit   'path-key': [ '3.1.1' ],
1106 silly audit   'shebang-command': [ '2.0.0' ],
1106 silly audit   which: [ '2.0.2' ],
1106 silly audit   esrecurse: [ '4.3.0' ],
1106 silly audit   estraverse: [ '5.3.0' ],
1106 silly audit   acorn: [ '8.15.0' ],
1106 silly audit   'acorn-jsx': [ '5.3.2' ],
1106 silly audit   'flat-cache': [ '4.0.1' ],
1106 silly audit   'locate-path': [ '6.0.0' ],
1106 silly audit   'path-exists': [ '4.0.0' ],
1106 silly audit   flatted: [ '3.3.3' ],
1106 silly audit   keyv: [ '4.5.4' ],
1106 silly audit   'parent-module': [ '1.0.1' ],
1106 silly audit   'resolve-from': [ '4.0.0' ],
1106 silly audit   'is-extglob': [ '2.1.1' ],
1106 silly audit   argparse: [ '2.0.1' ],
1106 silly audit   'json-buffer': [ '3.0.1' ],
1106 silly audit   'prelude-ls': [ '1.2.1' ],
1106 silly audit   'type-check': [ '0.4.0' ],
1106 silly audit   'p-locate': [ '5.0.0' ],
1106 silly audit   yallist: [ '3.1.1' ],
1106 silly audit   'brace-expansion': [ '1.1.12' ],
1106 silly audit   'balanced-match': [ '1.0.2' ],
1106 silly audit   'concat-map': [ '0.0.1' ],
1106 silly audit   'deep-is': [ '0.1.4' ],
1106 silly audit   'fast-levenshtein': [ '2.0.6' ],
1106 silly audit   'word-wrap': [ '1.2.5' ],
1106 silly audit   'p-limit': [ '3.1.0' ],
1106 silly audit   'yocto-queue': [ '0.1.0' ],
1106 silly audit   callsites: [ '3.1.0' ],
1106 silly audit   'shebang-regex': [ '3.0.0' ],
1106 silly audit   'has-flag': [ '4.0.0' ],
1106 silly audit   escalade: [ '3.2.0' ],
1106 silly audit   punycode: [ '2.3.1' ],
1106 silly audit   esbuild: [ '0.25.12' ],
1106 silly audit   fdir: [ '6.5.0' ],
1106 silly audit   fsevents: [ '2.3.3' ],
1106 silly audit   picomatch: [ '4.0.3' ],
1106 silly audit   postcss: [ '8.5.6' ],
1106 silly audit   rollup: [ '4.53.2' ],
1106 silly audit   tinyglobby: [ '0.2.15' ],
1106 silly audit   '@esbuild/aix-ppc64': [ '0.25.12' ],
1106 silly audit   '@esbuild/android-arm': [ '0.25.12' ],
1106 silly audit   '@esbuild/android-arm64': [ '0.25.12' ],
1106 silly audit   '@esbuild/android-x64': [ '0.25.12' ],
1106 silly audit   '@esbuild/darwin-arm64': [ '0.25.12' ],
1106 silly audit   '@esbuild/darwin-x64': [ '0.25.12' ],
1106 silly audit   '@esbuild/freebsd-arm64': [ '0.25.12' ],
1106 silly audit   '@esbuild/freebsd-x64': [ '0.25.12' ],
1106 silly audit   '@esbuild/linux-arm': [ '0.25.12' ],
1106 silly audit   '@esbuild/linux-arm64': [ '0.25.12' ],
1106 silly audit   '@esbuild/linux-ia32': [ '0.25.12' ],
1106 silly audit   '@esbuild/linux-loong64': [ '0.25.12' ],
1106 silly audit   '@esbuild/linux-mips64el': [ '0.25.12' ],
1106 silly audit   '@esbuild/linux-ppc64': [ '0.25.12' ],
1106 silly audit   '@esbuild/linux-riscv64': [ '0.25.12' ],
1106 silly audit   '@esbuild/linux-s390x': [ '0.25.12' ],
1106 silly audit   '@esbuild/linux-x64': [ '0.25.12' ],
1106 silly audit   '@esbuild/netbsd-arm64': [ '0.25.12' ],
1106 silly audit   '@esbuild/netbsd-x64': [ '0.25.12' ],
1106 silly audit   '@esbuild/openbsd-arm64': [ '0.25.12' ],
1106 silly audit   '@esbuild/openbsd-x64': [ '0.25.12' ],
1106 silly audit   '@esbuild/openharmony-arm64': [ '0.25.12' ],
1106 silly audit   '@esbuild/sunos-x64': [ '0.25.12' ],
1106 silly audit   '@esbuild/win32-arm64': [ '0.25.12' ],
1106 silly audit   '@esbuild/win32-ia32': [ '0.25.12' ],
1106 silly audit   '@esbuild/win32-x64': [ '0.25.12' ],
1106 silly audit   nanoid: [ '3.3.11' ],
1106 silly audit   'source-map-js': [ '1.2.1' ],
1106 silly audit   '@rollup/rollup-android-arm-eabi': [ '4.53.2' ],
1106 silly audit   '@rollup/rollup-android-arm64': [ '4.53.2' ],
1106 silly audit   '@rollup/rollup-darwin-arm64': [ '4.53.2' ],
1106 silly audit   '@rollup/rollup-darwin-x64': [ '4.53.2' ],
1106 silly audit   '@rollup/rollup-freebsd-arm64': [ '4.53.2' ],
1106 silly audit   '@rollup/rollup-freebsd-x64': [ '4.53.2' ],
1106 silly audit   '@rollup/rollup-linux-arm-gnueabihf': [ '4.53.2' ],
1106 silly audit   '@rollup/rollup-linux-arm-musleabihf': [ '4.53.2' ],
1106 silly audit   '@rollup/rollup-linux-arm64-gnu': [ '4.53.2' ],
1106 silly audit   '@rollup/rollup-linux-arm64-musl': [ '4.53.2' ],
1106 silly audit   '@rollup/rollup-linux-loong64-gnu': [ '4.53.2' ],
1106 silly audit   '@rollup/rollup-linux-ppc64-gnu': [ '4.53.2' ],
1106 silly audit   '@rollup/rollup-linux-riscv64-gnu': [ '4.53.2' ],
1106 silly audit   '@rollup/rollup-linux-riscv64-musl': [ '4.53.2' ],
1106 silly audit   '@rollup/rollup-linux-s390x-gnu': [ '4.53.2' ],
1106 silly audit   '@rollup/rollup-linux-x64-gnu': [ '4.53.2' ],
1106 silly audit   '@rollup/rollup-linux-x64-musl': [ '4.53.2' ],
1106 silly audit   '@rollup/rollup-openharmony-arm64': [ '4.53.2' ],
1106 silly audit   '@rollup/rollup-win32-arm64-msvc': [ '4.53.2' ],
1106 silly audit   '@rollup/rollup-win32-ia32-msvc': [ '4.53.2' ],
1106 silly audit   '@rollup/rollup-win32-x64-gnu': [ '4.53.2' ],
1106 silly audit   '@rollup/rollup-win32-x64-msvc': [ '4.53.2' ],
1106 silly audit   isexe: [ '2.0.0' ]
1106 silly audit }
1107 verbose reify failed optional dependency /Users/arpitmishra/Desktop/StockTracker/node_modules/@rollup/rollup-win32-x64-msvc
1108 silly reify mark deleted [
1108 silly reify   '/Users/arpitmishra/Desktop/StockTracker/node_modules/@rollup/rollup-win32-x64-msvc'
1108 silly reify ]
1109 verbose reify failed optional dependency /Users/arpitmishra/Desktop/StockTracker/node_modules/@rollup/rollup-win32-x64-gnu
1110 silly reify mark deleted [
1110 silly reify   '/Users/arpitmishra/Desktop/StockTracker/node_modules/@rollup/rollup-win32-x64-gnu'
1110 silly reify ]
1111 verbose reify failed optional dependency /Users/arpitmishra/Desktop/StockTracker/node_modules/@rollup/rollup-win32-ia32-msvc
1112 silly reify mark deleted [
1112 silly reify   '/Users/arpitmishra/Desktop/StockTracker/node_modules/@rollup/rollup-win32-ia32-msvc'
1112 silly reify ]
1113 verbose reify failed optional dependency /Users/arpitmishra/Desktop/StockTracker/node_modules/@rollup/rollup-win32-arm64-msvc
1114 silly reify mark deleted [
1114 silly reify   '/Users/arpitmishra/Desktop/StockTracker/node_modules/@rollup/rollup-win32-arm64-msvc'
1114 silly reify ]
1115 verbose reify failed optional dependency /Users/arpitmishra/Desktop/StockTracker/node_modules/@rollup/rollup-openharmony-arm64
1116 silly reify mark deleted [
1116 silly reify   '/Users/arpitmishra/Desktop/StockTracker/node_modules/@rollup/rollup-openharmony-arm64'
1116 silly reify ]
1117 verbose reify failed optional dependency /Users/arpitmishra/Desktop/StockTracker/node_modules/@rollup/rollup-linux-x64-musl
1118 silly reify mark deleted [
1118 silly reify   '/Users/arpitmishra/Desktop/StockTracker/node_modules/@rollup/rollup-linux-x64-musl'
1118 silly reify ]
1119 verbose reify failed optional dependency /Users/arpitmishra/Desktop/StockTracker/node_modules/@rollup/rollup-linux-x64-gnu
1120 silly reify mark deleted [
1120 silly reify   '/Users/arpitmishra/Desktop/StockTracker/node_modules/@rollup/rollup-linux-x64-gnu'
1120 silly reify ]
1121 verbose reify failed optional dependency /Users/arpitmishra/Desktop/StockTracker/node_modules/@rollup/rollup-linux-s390x-gnu
1122 silly reify mark deleted [
1122 silly reify   '/Users/arpitmishra/Desktop/StockTracker/node_modules/@rollup/rollup-linux-s390x-gnu'
1122 silly reify ]
1123 verbose reify failed optional dependency /Users/arpitmishra/Desktop/StockTracker/node_modules/@rollup/rollup-linux-riscv64-musl
1124 silly reify mark deleted [
1124 silly reify   '/Users/arpitmishra/Desktop/StockTracker/node_modules/@rollup/rollup-linux-riscv64-musl'
1124 silly reify ]
1125 verbose reify failed optional dependency /Users/arpitmishra/Desktop/StockTracker/node_modules/@rollup/rollup-linux-riscv64-gnu
1126 silly reify mark deleted [
1126 silly reify   '/Users/arpitmishra/Desktop/StockTracker/node_modules/@rollup/rollup-linux-riscv64-gnu'
1126 silly reify ]
1127 verbose reify failed optional dependency /Users/arpitmishra/Desktop/StockTracker/node_modules/@rollup/rollup-linux-ppc64-gnu
1128 silly reify mark deleted [
1128 silly reify   '/Users/arpitmishra/Desktop/StockTracker/node_modules/@rollup/rollup-linux-ppc64-gnu'
1128 silly reify ]
1129 verbose reify failed optional dependency /Users/arpitmishra/Desktop/StockTracker/node_modules/@rollup/rollup-linux-loong64-gnu
1130 silly reify mark deleted [
1130 silly reify   '/Users/arpitmishra/Desktop/StockTracker/node_modules/@rollup/rollup-linux-loong64-gnu'
1130 silly reify ]
1131 verbose reify failed optional dependency /Users/arpitmishra/Desktop/StockTracker/node_modules/@rollup/rollup-linux-arm64-musl
1132 silly reify mark deleted [
1132 silly reify   '/Users/arpitmishra/Desktop/StockTracker/node_modules/@rollup/rollup-linux-arm64-musl'
1132 silly reify ]
1133 verbose reify failed optional dependency /Users/arpitmishra/Desktop/StockTracker/node_modules/@rollup/rollup-linux-arm64-gnu
1134 silly reify mark deleted [
1134 silly reify   '/Users/arpitmishra/Desktop/StockTracker/node_modules/@rollup/rollup-linux-arm64-gnu'
1134 silly reify ]
1135 verbose reify failed optional dependency /Users/arpitmishra/Desktop/StockTracker/node_modules/@rollup/rollup-linux-arm-musleabihf
1136 silly reify mark deleted [
1136 silly reify   '/Users/arpitmishra/Desktop/StockTracker/node_modules/@rollup/rollup-linux-arm-musleabihf'
1136 silly reify ]
1137 verbose reify failed optional dependency /Users/arpitmishra/Desktop/StockTracker/node_modules/@rollup/rollup-linux-arm-gnueabihf
1138 silly reify mark deleted [
1138 silly reify   '/Users/arpitmishra/Desktop/StockTracker/node_modules/@rollup/rollup-linux-arm-gnueabihf'
1138 silly reify ]
1139 verbose reify failed optional dependency /Users/arpitmishra/Desktop/StockTracker/node_modules/@rollup/rollup-freebsd-x64
1140 silly reify mark deleted [
1140 silly reify   '/Users/arpitmishra/Desktop/StockTracker/node_modules/@rollup/rollup-freebsd-x64'
1140 silly reify ]
1141 verbose reify failed optional dependency /Users/arpitmishra/Desktop/StockTracker/node_modules/@rollup/rollup-freebsd-arm64
1142 silly reify mark deleted [
1142 silly reify   '/Users/arpitmishra/Desktop/StockTracker/node_modules/@rollup/rollup-freebsd-arm64'
1142 silly reify ]
1143 verbose reify failed optional dependency /Users/arpitmishra/Desktop/StockTracker/node_modules/@rollup/rollup-darwin-x64
1144 silly reify mark deleted [
1144 silly reify   '/Users/arpitmishra/Desktop/StockTracker/node_modules/@rollup/rollup-darwin-x64'
1144 silly reify ]
1145 verbose reify failed optional dependency /Users/arpitmishra/Desktop/StockTracker/node_modules/@rollup/rollup-android-arm64
1146 silly reify mark deleted [
1146 silly reify   '/Users/arpitmishra/Desktop/StockTracker/node_modules/@rollup/rollup-android-arm64'
1146 silly reify ]
1147 verbose reify failed optional dependency /Users/arpitmishra/Desktop/StockTracker/node_modules/@rollup/rollup-android-arm-eabi
1148 silly reify mark deleted [
1148 silly reify   '/Users/arpitmishra/Desktop/StockTracker/node_modules/@rollup/rollup-android-arm-eabi'
1148 silly reify ]
1149 verbose reify failed optional dependency /Users/arpitmishra/Desktop/StockTracker/node_modules/@esbuild/win32-x64
1150 silly reify mark deleted [
1150 silly reify   '/Users/arpitmishra/Desktop/StockTracker/node_modules/@esbuild/win32-x64'
1150 silly reify ]
1151 verbose reify failed optional dependency /Users/arpitmishra/Desktop/StockTracker/node_modules/@esbuild/win32-ia32
1152 silly reify mark deleted [
1152 silly reify   '/Users/arpitmishra/Desktop/StockTracker/node_modules/@esbuild/win32-ia32'
1152 silly reify ]
1153 verbose reify failed optional dependency /Users/arpitmishra/Desktop/StockTracker/node_modules/@esbuild/win32-arm64
1154 silly reify mark deleted [
1154 silly reify   '/Users/arpitmishra/Desktop/StockTracker/node_modules/@esbuild/win32-arm64'
1154 silly reify ]
1155 verbose reify failed optional dependency /Users/arpitmishra/Desktop/StockTracker/node_modules/@esbuild/sunos-x64
1156 silly reify mark deleted [
1156 silly reify   '/Users/arpitmishra/Desktop/StockTracker/node_modules/@esbuild/sunos-x64'
1156 silly reify ]
1157 verbose reify failed optional dependency /Users/arpitmishra/Desktop/StockTracker/node_modules/@esbuild/openharmony-arm64
1158 silly reify mark deleted [
1158 silly reify   '/Users/arpitmishra/Desktop/StockTracker/node_modules/@esbuild/openharmony-arm64'
1158 silly reify ]
1159 verbose reify failed optional dependency /Users/arpitmishra/Desktop/StockTracker/node_modules/@esbuild/openbsd-x64
1160 silly reify mark deleted [
1160 silly reify   '/Users/arpitmishra/Desktop/StockTracker/node_modules/@esbuild/openbsd-x64'
1160 silly reify ]
1161 verbose reify failed optional dependency /Users/arpitmishra/Desktop/StockTracker/node_modules/@esbuild/openbsd-arm64
1162 silly reify mark deleted [
1162 silly reify   '/Users/arpitmishra/Desktop/StockTracker/node_modules/@esbuild/openbsd-arm64'
1162 silly reify ]
1163 verbose reify failed optional dependency /Users/arpitmishra/Desktop/StockTracker/node_modules/@esbuild/netbsd-x64
1164 silly reify mark deleted [
1164 silly reify   '/Users/arpitmishra/Desktop/StockTracker/node_modules/@esbuild/netbsd-x64'
1164 silly reify ]
1165 verbose reify failed optional dependency /Users/arpitmishra/Desktop/StockTracker/node_modules/@esbuild/netbsd-arm64
1166 silly reify mark deleted [
1166 silly reify   '/Users/arpitmishra/Desktop/StockTracker/node_modules/@esbuild/netbsd-arm64'
1166 silly reify ]
1167 verbose reify failed optional dependency /Users/arpitmishra/Desktop/StockTracker/node_modules/@esbuild/linux-x64
1168 silly reify mark deleted [
1168 silly reify   '/Users/arpitmishra/Desktop/StockTracker/node_modules/@esbuild/linux-x64'
1168 silly reify ]
1169 verbose reify failed optional dependency /Users/arpitmishra/Desktop/StockTracker/node_modules/@esbuild/linux-s390x
1170 silly reify mark deleted [
1170 silly reify   '/Users/arpitmishra/Desktop/StockTracker/node_modules/@esbuild/linux-s390x'
1170 silly reify ]
1171 verbose reify failed optional dependency /Users/arpitmishra/Desktop/StockTracker/node_modules/@esbuild/linux-riscv64
1172 silly reify mark deleted [
1172 silly reify   '/Users/arpitmishra/Desktop/StockTracker/node_modules/@esbuild/linux-riscv64'
1172 silly reify ]
1173 verbose reify failed optional dependency /Users/arpitmishra/Desktop/StockTracker/node_modules/@esbuild/linux-ppc64
1174 silly reify mark deleted [
1174 silly reify   '/Users/arpitmishra/Desktop/StockTracker/node_modules/@esbuild/linux-ppc64'
1174 silly reify ]
1175 verbose reify failed optional dependency /Users/arpitmishra/Desktop/StockTracker/node_modules/@esbuild/linux-mips64el
1176 silly reify mark deleted [
1176 silly reify   '/Users/arpitmishra/Desktop/StockTracker/node_modules/@esbuild/linux-mips64el'
1176 silly reify ]
1177 verbose reify failed optional dependency /Users/arpitmishra/Desktop/StockTracker/node_modules/@esbuild/linux-loong64
1178 silly reify mark deleted [
1178 silly reify   '/Users/arpitmishra/Desktop/StockTracker/node_modules/@esbuild/linux-loong64'
1178 silly reify ]
1179 verbose reify failed optional dependency /Users/arpitmishra/Desktop/StockTracker/node_modules/@esbuild/linux-ia32
1180 silly reify mark deleted [
1180 silly reify   '/Users/arpitmishra/Desktop/StockTracker/node_modules/@esbuild/linux-ia32'
1180 silly reify ]
1181 verbose reify failed optional dependency /Users/arpitmishra/Desktop/StockTracker/node_modules/@esbuild/linux-arm64
1182 silly reify mark deleted [
1182 silly reify   '/Users/arpitmishra/Desktop/StockTracker/node_modules/@esbuild/linux-arm64'
1182 silly reify ]
1183 verbose reify failed optional dependency /Users/arpitmishra/Desktop/StockTracker/node_modules/@esbuild/linux-arm
1184 silly reify mark deleted [
1184 silly reify   '/Users/arpitmishra/Desktop/StockTracker/node_modules/@esbuild/linux-arm'
1184 silly reify ]
1185 verbose reify failed optional dependency /Users/arpitmishra/Desktop/StockTracker/node_modules/@esbuild/freebsd-x64
1186 silly reify mark deleted [
1186 silly reify   '/Users/arpitmishra/Desktop/StockTracker/node_modules/@esbuild/freebsd-x64'
1186 silly reify ]
1187 verbose reify failed optional dependency /Users/arpitmishra/Desktop/StockTracker/node_modules/@esbuild/freebsd-arm64
1188 silly reify mark deleted [
1188 silly reify   '/Users/arpitmishra/Desktop/StockTracker/node_modules/@esbuild/freebsd-arm64'
1188 silly reify ]
1189 verbose reify failed optional dependency /Users/arpitmishra/Desktop/StockTracker/node_modules/@esbuild/darwin-x64
1190 silly reify mark deleted [
1190 silly reify   '/Users/arpitmishra/Desktop/StockTracker/node_modules/@esbuild/darwin-x64'
1190 silly reify ]
1191 verbose reify failed optional dependency /Users/arpitmishra/Desktop/StockTracker/node_modules/@esbuild/android-x64
1192 silly reify mark deleted [
1192 silly reify   '/Users/arpitmishra/Desktop/StockTracker/node_modules/@esbuild/android-x64'
1192 silly reify ]
1193 verbose reify failed optional dependency /Users/arpitmishra/Desktop/StockTracker/node_modules/@esbuild/android-arm64
1194 silly reify mark deleted [
1194 silly reify   '/Users/arpitmishra/Desktop/StockTracker/node_modules/@esbuild/android-arm64'
1194 silly reify ]
1195 verbose reify failed optional dependency /Users/arpitmishra/Desktop/StockTracker/node_modules/@esbuild/android-arm
1196 silly reify mark deleted [
1196 silly reify   '/Users/arpitmishra/Desktop/StockTracker/node_modules/@esbuild/android-arm'
1196 silly reify ]
1197 verbose reify failed optional dependency /Users/arpitmishra/Desktop/StockTracker/node_modules/@esbuild/aix-ppc64
1198 silly reify mark deleted [
1198 silly reify   '/Users/arpitmishra/Desktop/StockTracker/node_modules/@esbuild/aix-ppc64'
1198 silly reify ]
1199 http cache source-map-js@https://registry.npmjs.org/source-map-js/-/source-map-js-1.2.1.tgz 1ms (cache hit)
1200 http cache isexe@https://registry.npmjs.org/isexe/-/isexe-2.0.0.tgz 0ms (cache hit)
1201 http cache nanoid@https://registry.npmjs.org/nanoid/-/nanoid-3.3.11.tgz 0ms (cache hit)
1202 http cache @esbuild/darwin-arm64@https://registry.npmjs.org/@esbuild/darwin-arm64/-/darwin-arm64-0.25.12.tgz 0ms (cache hit)
1203 http cache tinyglobby@https://registry.npmjs.org/tinyglobby/-/tinyglobby-0.2.15.tgz 0ms (cache hit)
1204 http cache rollup@https://registry.npmjs.org/rollup/-/rollup-4.53.2.tgz 0ms (cache hit)
1205 http cache postcss@https://registry.npmjs.org/postcss/-/postcss-8.5.6.tgz 0ms (cache hit)
1206 http cache @rollup/rollup-darwin-arm64@https://registry.npmjs.org/@rollup/rollup-darwin-arm64/-/rollup-darwin-arm64-4.53.2.tgz 0ms (cache hit)
1207 http cache fsevents@https://registry.npmjs.org/fsevents/-/fsevents-2.3.3.tgz 0ms (cache hit)
1208 http cache picomatch@https://registry.npmjs.org/picomatch/-/picomatch-4.0.3.tgz 0ms (cache hit)
1209 http cache fdir@https://registry.npmjs.org/fdir/-/fdir-6.5.0.tgz 0ms (cache hit)
1210 http cache esbuild@https://registry.npmjs.org/esbuild/-/esbuild-0.25.12.tgz 0ms (cache hit)
1211 http cache punycode@https://registry.npmjs.org/punycode/-/punycode-2.3.1.tgz 0ms (cache hit)
1212 http cache escalade@https://registry.npmjs.org/escalade/-/escalade-3.2.0.tgz 0ms (cache hit)
1213 http cache has-flag@https://registry.npmjs.org/has-flag/-/has-flag-4.0.0.tgz 0ms (cache hit)
1214 http cache callsites@https://registry.npmjs.org/callsites/-/callsites-3.1.0.tgz 0ms (cache hit)
1215 http cache yocto-queue@https://registry.npmjs.org/yocto-queue/-/yocto-queue-0.1.0.tgz 0ms (cache hit)
1216 http cache p-limit@https://registry.npmjs.org/p-limit/-/p-limit-3.1.0.tgz 0ms (cache hit)
1217 http cache word-wrap@https://registry.npmjs.org/word-wrap/-/word-wrap-1.2.5.tgz 0ms (cache hit)
1218 http cache fast-levenshtein@https://registry.npmjs.org/fast-levenshtein/-/fast-levenshtein-2.0.6.tgz 0ms (cache hit)
1219 http cache deep-is@https://registry.npmjs.org/deep-is/-/deep-is-0.1.4.tgz 0ms (cache hit)
1220 http cache balanced-match@https://registry.npmjs.org/balanced-match/-/balanced-match-1.0.2.tgz 0ms (cache hit)
1221 http cache concat-map@https://registry.npmjs.org/concat-map/-/concat-map-0.0.1.tgz 0ms (cache hit)
1222 http cache brace-expansion@https://registry.npmjs.org/brace-expansion/-/brace-expansion-1.1.12.tgz 0ms (cache hit)
1223 http cache yallist@https://registry.npmjs.org/yallist/-/yallist-3.1.1.tgz 0ms (cache hit)
1224 http cache p-locate@https://registry.npmjs.org/p-locate/-/p-locate-5.0.0.tgz 0ms (cache hit)
1225 http cache prelude-ls@https://registry.npmjs.org/prelude-ls/-/prelude-ls-1.2.1.tgz 0ms (cache hit)
1226 http cache json-buffer@https://registry.npmjs.org/json-buffer/-/json-buffer-3.0.1.tgz 0ms (cache hit)
1227 http cache type-check@https://registry.npmjs.org/type-check/-/type-check-0.4.0.tgz 0ms (cache hit)
1228 http cache argparse@https://registry.npmjs.org/argparse/-/argparse-2.0.1.tgz 0ms (cache hit)
1229 http cache is-extglob@https://registry.npmjs.org/is-extglob/-/is-extglob-2.1.1.tgz 0ms (cache hit)
1230 http cache resolve-from@https://registry.npmjs.org/resolve-from/-/resolve-from-4.0.0.tgz 0ms (cache hit)
1231 http cache parent-module@https://registry.npmjs.org/parent-module/-/parent-module-1.0.1.tgz 0ms (cache hit)
1232 http cache keyv@https://registry.npmjs.org/keyv/-/keyv-4.5.4.tgz 0ms (cache hit)
1233 http cache flatted@https://registry.npmjs.org/flatted/-/flatted-3.3.3.tgz 0ms (cache hit)
1234 http cache path-exists@https://registry.npmjs.org/path-exists/-/path-exists-4.0.0.tgz 0ms (cache hit)
1235 http cache shebang-regex@https://registry.npmjs.org/shebang-regex/-/shebang-regex-3.0.0.tgz 0ms (cache hit)
1236 http cache locate-path@https://registry.npmjs.org/locate-path/-/locate-path-6.0.0.tgz 0ms (cache hit)
1237 http cache acorn-jsx@https://registry.npmjs.org/acorn-jsx/-/acorn-jsx-5.3.2.tgz 0ms (cache hit)
1238 http cache flat-cache@https://registry.npmjs.org/flat-cache/-/flat-cache-4.0.1.tgz 0ms (cache hit)
1239 http cache acorn@https://registry.npmjs.org/acorn/-/acorn-8.15.0.tgz 0ms (cache hit)
1240 http cache estraverse@https://registry.npmjs.org/estraverse/-/estraverse-5.3.0.tgz 0ms (cache hit)
1241 http cache which@https://registry.npmjs.org/which/-/which-2.0.2.tgz 0ms (cache hit)
1242 http cache esrecurse@https://registry.npmjs.org/esrecurse/-/esrecurse-4.3.0.tgz 0ms (cache hit)
1243 http cache path-key@https://registry.npmjs.org/path-key/-/path-key-3.1.1.tgz 0ms (cache hit)
1244 http cache color-name@https://registry.npmjs.org/color-name/-/color-name-1.1.4.tgz 0ms (cache hit)
1245 http cache shebang-command@https://registry.npmjs.org/shebang-command/-/shebang-command-2.0.0.tgz 0ms (cache hit)
1246 http cache supports-color@https://registry.npmjs.org/supports-color/-/supports-color-7.2.0.tgz 0ms (cache hit)
1247 http cache ansi-styles@https://registry.npmjs.org/ansi-styles/-/ansi-styles-4.3.0.tgz 0ms (cache hit)
1248 http cache uri-js@https://registry.npmjs.org/uri-js/-/uri-js-4.4.1.tgz 0ms (cache hit)
1249 http cache json-schema-traverse@https://registry.npmjs.org/json-schema-traverse/-/json-schema-traverse-0.4.1.tgz 0ms (cache hit)
1250 http cache fast-json-stable-stringify@https://registry.npmjs.org/fast-json-stable-stringify/-/fast-json-stable-stringify-2.1.0.tgz 0ms (cache hit)
1251 http cache @humanfs/core@https://registry.npmjs.org/@humanfs/core/-/core-0.19.1.tgz 0ms (cache hit)
1252 http cache levn@https://registry.npmjs.org/levn/-/levn-0.4.1.tgz 0ms (cache hit)
1253 http cache import-fresh@https://registry.npmjs.org/import-fresh/-/import-fresh-3.3.1.tgz 0ms (cache hit)
1254 http cache strip-json-comments@https://registry.npmjs.org/strip-json-comments/-/strip-json-comments-3.1.1.tgz 0ms (cache hit)
1255 http cache globals@https://registry.npmjs.org/globals/-/globals-14.0.0.tgz 0ms (cache hit)
1256 http cache js-yaml@https://registry.npmjs.org/js-yaml/-/js-yaml-4.1.1.tgz 0ms (cache hit)
1257 http cache @types/json-schema@https://registry.npmjs.org/@types/json-schema/-/json-schema-7.0.15.tgz 0ms (cache hit)
1258 http cache @eslint/object-schema@https://registry.npmjs.org/@eslint/object-schema/-/object-schema-2.1.7.tgz 0ms (cache hit)
1259 http cache natural-compare@https://registry.npmjs.org/natural-compare/-/natural-compare-1.4.0.tgz 0ms (cache hit)
1260 http cache optionator@https://registry.npmjs.org/optionator/-/optionator-0.9.4.tgz 0ms (cache hit)
1261 http cache minimatch@https://registry.npmjs.org/minimatch/-/minimatch-3.1.2.tgz 0ms (cache hit)
1262 http cache color-convert@https://registry.npmjs.org/color-convert/-/color-convert-2.0.1.tgz 0ms (cache hit)
1263 http cache is-glob@https://registry.npmjs.org/is-glob/-/is-glob-4.0.3.tgz 0ms (cache hit)
1264 http cache imurmurhash@https://registry.npmjs.org/imurmurhash/-/imurmurhash-0.1.4.tgz 0ms (cache hit)
1265 http cache ignore@https://registry.npmjs.org/ignore/-/ignore-5.3.2.tgz 0ms (cache hit)
1266 http cache find-up@https://registry.npmjs.org/find-up/-/find-up-5.0.0.tgz 0ms (cache hit)
1267 http cache lodash.merge@https://registry.npmjs.org/lodash.merge/-/lodash.merge-4.6.2.tgz 0ms (cache hit)
1268 http cache glob-parent@https://registry.npmjs.org/glob-parent/-/glob-parent-6.0.2.tgz 0ms (cache hit)
1269 http cache json-stable-stringify-without-jsonify@https://registry.npmjs.org/json-stable-stringify-without-jsonify/-/json-stable-stringify-without-jsonify-1.0.1.tgz 0ms (cache hit)
1270 http cache file-entry-cache@https://registry.npmjs.org/file-entry-cache/-/file-entry-cache-8.0.0.tgz 0ms (cache hit)
1271 http cache fast-deep-equal@https://registry.npmjs.org/fast-deep-equal/-/fast-deep-equal-3.1.3.tgz 0ms (cache hit)
1272 http cache esutils@https://registry.npmjs.org/esutils/-/esutils-2.0.3.tgz 0ms (cache hit)
1273 http cache espree@https://registry.npmjs.org/espree/-/espree-10.4.0.tgz 0ms (cache hit)
1274 http cache eslint-visitor-keys@https://registry.npmjs.org/eslint-visitor-keys/-/eslint-visitor-keys-4.2.1.tgz 0ms (cache hit)
1275 http cache eslint-scope@https://registry.npmjs.org/eslint-scope/-/eslint-scope-8.4.0.tgz 0ms (cache hit)
1276 http cache escape-string-regexp@https://registry.npmjs.org/escape-string-regexp/-/escape-string-regexp-4.0.0.tgz 0ms (cache hit)
1277 http cache cross-spawn@https://registry.npmjs.org/cross-spawn/-/cross-spawn-7.0.6.tgz 0ms (cache hit)
1278 http cache chalk@https://registry.npmjs.org/chalk/-/chalk-4.1.2.tgz 0ms (cache hit)
1279 http cache ajv@https://registry.npmjs.org/ajv/-/ajv-6.12.6.tgz 0ms (cache hit)
1280 http cache @types/estree@https://registry.npmjs.org/@types/estree/-/estree-1.0.8.tgz 0ms (cache hit)
1281 http cache @humanwhocodes/retry@https://registry.npmjs.org/@humanwhocodes/retry/-/retry-0.4.3.tgz 0ms (cache hit)
1282 http cache @humanwhocodes/module-importer@https://registry.npmjs.org/@humanwhocodes/module-importer/-/module-importer-1.0.1.tgz 0ms (cache hit)
1283 http cache @humanfs/node@https://registry.npmjs.org/@humanfs/node/-/node-0.16.7.tgz 0ms (cache hit)
1284 http cache @eslint/plugin-kit@https://registry.npmjs.org/@eslint/plugin-kit/-/plugin-kit-0.4.1.tgz 0ms (cache hit)
1285 http cache @eslint/js@https://registry.npmjs.org/@eslint/js/-/js-9.39.1.tgz 0ms (cache hit)
1286 http cache @eslint/core@https://registry.npmjs.org/@eslint/core/-/core-0.17.0.tgz 0ms (cache hit)
1287 http cache @eslint/eslintrc@https://registry.npmjs.org/@eslint/eslintrc/-/eslintrc-3.3.1.tgz 0ms (cache hit)
1288 http cache @eslint/config-helpers@https://registry.npmjs.org/@eslint/config-helpers/-/config-helpers-0.4.2.tgz 0ms (cache hit)
1289 http cache @eslint/config-array@https://registry.npmjs.org/@eslint/config-array/-/config-array-0.21.1.tgz 0ms (cache hit)
1290 http cache @eslint-community/regexpp@https://registry.npmjs.org/@eslint-community/regexpp/-/regexpp-4.12.2.tgz 0ms (cache hit)
1291 http cache ms@https://registry.npmjs.org/ms/-/ms-2.1.3.tgz 0ms (cache hit)
1292 http cache @eslint-community/eslint-utils@https://registry.npmjs.org/@eslint-community/eslint-utils/-/eslint-utils-4.9.0.tgz 0ms (cache hit)
1293 http cache update-browserslist-db@https://registry.npmjs.org/update-browserslist-db/-/update-browserslist-db-1.1.4.tgz 0ms (cache hit)
1294 http cache node-releases@https://registry.npmjs.org/node-releases/-/node-releases-2.0.27.tgz 0ms (cache hit)
1295 http cache caniuse-lite@https://registry.npmjs.org/caniuse-lite/-/caniuse-lite-1.0.30001754.tgz 0ms (cache hit)
1296 http cache baseline-browser-mapping@https://registry.npmjs.org/baseline-browser-mapping/-/baseline-browser-mapping-2.8.28.tgz 0ms (cache hit)
1297 http cache electron-to-chromium@https://registry.npmjs.org/electron-to-chromium/-/electron-to-chromium-1.5.252.tgz 0ms (cache hit)
1298 http cache @types/babel__traverse@https://registry.npmjs.org/@types/babel__traverse/-/babel__traverse-7.28.0.tgz 0ms (cache hit)
1299 http cache @types/babel__template@https://registry.npmjs.org/@types/babel__template/-/babel__template-7.4.4.tgz 0ms (cache hit)
1300 http cache @types/babel__generator@https://registry.npmjs.org/@types/babel__generator/-/babel__generator-7.27.0.tgz 0ms (cache hit)
1301 http cache @jridgewell/resolve-uri@https://registry.npmjs.org/@jridgewell/resolve-uri/-/resolve-uri-3.1.2.tgz 0ms (cache hit)
1302 http cache @jridgewell/sourcemap-codec@https://registry.npmjs.org/@jridgewell/sourcemap-codec/-/sourcemap-codec-1.5.5.tgz 0ms (cache hit)
1303 http cache @babel/helper-string-parser@https://registry.npmjs.org/@babel/helper-string-parser/-/helper-string-parser-7.27.1.tgz 0ms (cache hit)
1304 http cache @babel/helper-globals@https://registry.npmjs.org/@babel/helper-globals/-/helper-globals-7.28.0.tgz 0ms (cache hit)
1305 http cache @babel/helper-plugin-utils@https://registry.npmjs.org/@babel/helper-plugin-utils/-/helper-plugin-utils-7.27.1.tgz 0ms (cache hit)
1306 http cache @babel/helper-module-imports@https://registry.npmjs.org/@babel/helper-module-imports/-/helper-module-imports-7.27.1.tgz 0ms (cache hit)
1307 http cache lru-cache@https://registry.npmjs.org/lru-cache/-/lru-cache-5.1.1.tgz 0ms (cache hit)
1308 http cache browserslist@https://registry.npmjs.org/browserslist/-/browserslist-4.28.0.tgz 0ms (cache hit)
1309 http cache esquery@https://registry.npmjs.org/esquery/-/esquery-1.6.0.tgz 0ms (cache hit)
1310 http cache @babel/compat-data@https://registry.npmjs.org/@babel/compat-data/-/compat-data-7.28.5.tgz 0ms (cache hit)
1311 http cache jsesc@https://registry.npmjs.org/jsesc/-/jsesc-3.1.0.tgz 0ms (cache hit)
1312 http cache @jridgewell/trace-mapping@https://registry.npmjs.org/@jridgewell/trace-mapping/-/trace-mapping-0.3.31.tgz 0ms (cache hit)
1313 http cache @jridgewell/gen-mapping@https://registry.npmjs.org/@jridgewell/gen-mapping/-/gen-mapping-0.3.13.tgz 0ms (cache hit)
1314 http cache picocolors@https://registry.npmjs.org/picocolors/-/picocolors-1.1.1.tgz 0ms (cache hit)
1315 http cache js-tokens@https://registry.npmjs.org/js-tokens/-/js-tokens-4.0.0.tgz 0ms (cache hit)
1316 http cache semver@https://registry.npmjs.org/semver/-/semver-6.3.1.tgz 0ms (cache hit)
1317 http cache @babel/helper-validator-option@https://registry.npmjs.org/@babel/helper-validator-option/-/helper-validator-option-7.27.1.tgz 0ms (cache hit)
1318 http cache gensync@https://registry.npmjs.org/gensync/-/gensync-1.0.0-beta.2.tgz 0ms (cache hit)
1319 http cache @babel/helper-validator-identifier@https://registry.npmjs.org/@babel/helper-validator-identifier/-/helper-validator-identifier-7.28.5.tgz 0ms (cache hit)
1320 http cache debug@https://registry.npmjs.org/debug/-/debug-4.4.3.tgz 0ms (cache hit)
1321 http cache convert-source-map@https://registry.npmjs.org/convert-source-map/-/convert-source-map-2.0.0.tgz 0ms (cache hit)
1322 http cache @babel/types@https://registry.npmjs.org/@babel/types/-/types-7.28.5.tgz 0ms (cache hit)
1323 http cache @babel/traverse@https://registry.npmjs.org/@babel/traverse/-/traverse-7.28.5.tgz 0ms (cache hit)
1324 http cache json5@https://registry.npmjs.org/json5/-/json5-2.2.3.tgz 0ms (cache hit)
1325 http cache @babel/template@https://registry.npmjs.org/@babel/template/-/template-7.27.2.tgz 0ms (cache hit)
1326 http cache @babel/parser@https://registry.npmjs.org/@babel/parser/-/parser-7.28.5.tgz 0ms (cache hit)
1327 http cache @babel/helpers@https://registry.npmjs.org/@babel/helpers/-/helpers-7.28.4.tgz 0ms (cache hit)
1328 http cache @babel/helper-module-transforms@https://registry.npmjs.org/@babel/helper-module-transforms/-/helper-module-transforms-7.28.3.tgz 0ms (cache hit)
1329 http cache @jridgewell/remapping@https://registry.npmjs.org/@jridgewell/remapping/-/remapping-2.3.5.tgz 0ms (cache hit)
1330 http cache @babel/helper-compilation-targets@https://registry.npmjs.org/@babel/helper-compilation-targets/-/helper-compilation-targets-7.27.2.tgz 0ms (cache hit)
1331 http cache @babel/generator@https://registry.npmjs.org/@babel/generator/-/generator-7.28.5.tgz 0ms (cache hit)
1332 http cache @babel/code-frame@https://registry.npmjs.org/@babel/code-frame/-/code-frame-7.27.1.tgz 0ms (cache hit)
1333 http cache @rolldown/pluginutils@https://registry.npmjs.org/@rolldown/pluginutils/-/pluginutils-1.0.0-beta.47.tgz 0ms (cache hit)
1334 http cache @babel/plugin-transform-react-jsx-source@https://registry.npmjs.org/@babel/plugin-transform-react-jsx-source/-/plugin-transform-react-jsx-source-7.27.1.tgz 0ms (cache hit)
1335 http cache @babel/plugin-transform-react-jsx-self@https://registry.npmjs.org/@babel/plugin-transform-react-jsx-self/-/plugin-transform-react-jsx-self-7.27.1.tgz 0ms (cache hit)
1336 http cache @babel/core@https://registry.npmjs.org/@babel/core/-/core-7.28.5.tgz 0ms (cache hit)
1337 http cache vite@https://registry.npmjs.org/vite/-/vite-7.2.2.tgz 0ms (cache hit)
1338 http cache eslint@https://registry.npmjs.org/eslint/-/eslint-9.39.1.tgz 0ms (cache hit)
1339 http cache react-refresh@https://registry.npmjs.org/react-refresh/-/react-refresh-0.18.0.tgz 0ms (cache hit)
1340 http cache @types/babel__core@https://registry.npmjs.org/@types/babel__core/-/babel__core-7.20.5.tgz 0ms (cache hit)
1341 http cache @vitejs/plugin-react@https://registry.npmjs.org/@vitejs/plugin-react/-/plugin-react-5.1.1.tgz 0ms (cache hit)
1342 http cache eslint-visitor-keys@https://registry.npmjs.org/eslint-visitor-keys/-/eslint-visitor-keys-3.4.3.tgz 0ms (cache hit)
1343 silly tarball no local data for source-map-js@https://registry.npmjs.org/source-map-js/-/source-map-js-1.2.1.tgz. Extracting by manifest.
1344 silly tarball no local data for isexe@https://registry.npmjs.org/isexe/-/isexe-2.0.0.tgz. Extracting by manifest.
1345 silly tarball no local data for nanoid@https://registry.npmjs.org/nanoid/-/nanoid-3.3.11.tgz. Extracting by manifest.
1346 silly tarball no local data for @esbuild/darwin-arm64@https://registry.npmjs.org/@esbuild/darwin-arm64/-/darwin-arm64-0.25.12.tgz. Extracting by manifest.
1347 silly tarball no local data for tinyglobby@https://registry.npmjs.org/tinyglobby/-/tinyglobby-0.2.15.tgz. Extracting by manifest.
1348 silly tarball no local data for rollup@https://registry.npmjs.org/rollup/-/rollup-4.53.2.tgz. Extracting by manifest.
1349 silly tarball no local data for postcss@https://registry.npmjs.org/postcss/-/postcss-8.5.6.tgz. Extracting by manifest.
1350 silly tarball no local data for @rollup/rollup-darwin-arm64@https://registry.npmjs.org/@rollup/rollup-darwin-arm64/-/rollup-darwin-arm64-4.53.2.tgz. Extracting by manifest.
1351 silly tarball no local data for fsevents@https://registry.npmjs.org/fsevents/-/fsevents-2.3.3.tgz. Extracting by manifest.
1352 silly tarball no local data for picomatch@https://registry.npmjs.org/picomatch/-/picomatch-4.0.3.tgz. Extracting by manifest.
1353 silly tarball no local data for fdir@https://registry.npmjs.org/fdir/-/fdir-6.5.0.tgz. Extracting by manifest.
1354 silly tarball no local data for esbuild@https://registry.npmjs.org/esbuild/-/esbuild-0.25.12.tgz. Extracting by manifest.
1355 silly tarball no local data for punycode@https://registry.npmjs.org/punycode/-/punycode-2.3.1.tgz. Extracting by manifest.
1356 silly tarball no local data for escalade@https://registry.npmjs.org/escalade/-/escalade-3.2.0.tgz. Extracting by manifest.
1357 silly tarball no local data for has-flag@https://registry.npmjs.org/has-flag/-/has-flag-4.0.0.tgz. Extracting by manifest.
1358 silly tarball no local data for callsites@https://registry.npmjs.org/callsites/-/callsites-3.1.0.tgz. Extracting by manifest.
1359 silly tarball no local data for yocto-queue@https://registry.npmjs.org/yocto-queue/-/yocto-queue-0.1.0.tgz. Extracting by manifest.
1360 silly tarball no local data for p-limit@https://registry.npmjs.org/p-limit/-/p-limit-3.1.0.tgz. Extracting by manifest.
1361 silly tarball no local data for word-wrap@https://registry.npmjs.org/word-wrap/-/word-wrap-1.2.5.tgz. Extracting by manifest.
1362 silly tarball no local data for fast-levenshtein@https://registry.npmjs.org/fast-levenshtein/-/fast-levenshtein-2.0.6.tgz. Extracting by manifest.
1363 silly tarball no local data for deep-is@https://registry.npmjs.org/deep-is/-/deep-is-0.1.4.tgz. Extracting by manifest.
1364 silly tarball no local data for balanced-match@https://registry.npmjs.org/balanced-match/-/balanced-match-1.0.2.tgz. Extracting by manifest.
1365 silly tarball no local data for concat-map@https://registry.npmjs.org/concat-map/-/concat-map-0.0.1.tgz. Extracting by manifest.
1366 silly tarball no local data for brace-expansion@https://registry.npmjs.org/brace-expansion/-/brace-expansion-1.1.12.tgz. Extracting by manifest.
1367 silly tarball no local data for yallist@https://registry.npmjs.org/yallist/-/yallist-3.1.1.tgz. Extracting by manifest.
1368 silly tarball no local data for p-locate@https://registry.npmjs.org/p-locate/-/p-locate-5.0.0.tgz. Extracting by manifest.
1369 silly tarball no local data for prelude-ls@https://registry.npmjs.org/prelude-ls/-/prelude-ls-1.2.1.tgz. Extracting by manifest.
1370 silly tarball no local data for json-buffer@https://registry.npmjs.org/json-buffer/-/json-buffer-3.0.1.tgz. Extracting by manifest.
1371 silly tarball no local data for type-check@https://registry.npmjs.org/type-check/-/type-check-0.4.0.tgz. Extracting by manifest.
1372 silly tarball no local data for argparse@https://registry.npmjs.org/argparse/-/argparse-2.0.1.tgz. Extracting by manifest.
1373 silly tarball no local data for is-extglob@https://registry.npmjs.org/is-extglob/-/is-extglob-2.1.1.tgz. Extracting by manifest.
1374 silly tarball no local data for resolve-from@https://registry.npmjs.org/resolve-from/-/resolve-from-4.0.0.tgz. Extracting by manifest.
1375 silly tarball no local data for parent-module@https://registry.npmjs.org/parent-module/-/parent-module-1.0.1.tgz. Extracting by manifest.
1376 silly tarball no local data for keyv@https://registry.npmjs.org/keyv/-/keyv-4.5.4.tgz. Extracting by manifest.
1377 silly tarball no local data for flatted@https://registry.npmjs.org/flatted/-/flatted-3.3.3.tgz. Extracting by manifest.
1378 silly tarball no local data for path-exists@https://registry.npmjs.org/path-exists/-/path-exists-4.0.0.tgz. Extracting by manifest.
1379 silly tarball no local data for shebang-regex@https://registry.npmjs.org/shebang-regex/-/shebang-regex-3.0.0.tgz. Extracting by manifest.
1380 silly tarball no local data for locate-path@https://registry.npmjs.org/locate-path/-/locate-path-6.0.0.tgz. Extracting by manifest.
1381 silly tarball no local data for acorn-jsx@https://registry.npmjs.org/acorn-jsx/-/acorn-jsx-5.3.2.tgz. Extracting by manifest.
1382 silly tarball no local data for flat-cache@https://registry.npmjs.org/flat-cache/-/flat-cache-4.0.1.tgz. Extracting by manifest.
1383 silly tarball no local data for acorn@https://registry.npmjs.org/acorn/-/acorn-8.15.0.tgz. Extracting by manifest.
1384 silly tarball no local data for estraverse@https://registry.npmjs.org/estraverse/-/estraverse-5.3.0.tgz. Extracting by manifest.
1385 silly tarball no local data for which@https://registry.npmjs.org/which/-/which-2.0.2.tgz. Extracting by manifest.
1386 silly tarball no local data for esrecurse@https://registry.npmjs.org/esrecurse/-/esrecurse-4.3.0.tgz. Extracting by manifest.
1387 silly tarball no local data for path-key@https://registry.npmjs.org/path-key/-/path-key-3.1.1.tgz. Extracting by manifest.
1388 silly tarball no local data for color-name@https://registry.npmjs.org/color-name/-/color-name-1.1.4.tgz. Extracting by manifest.
1389 silly tarball no local data for shebang-command@https://registry.npmjs.org/shebang-command/-/shebang-command-2.0.0.tgz. Extracting by manifest.
1390 silly tarball no local data for supports-color@https://registry.npmjs.org/supports-color/-/supports-color-7.2.0.tgz. Extracting by manifest.
1391 silly tarball no local data for ansi-styles@https://registry.npmjs.org/ansi-styles/-/ansi-styles-4.3.0.tgz. Extracting by manifest.
1392 silly tarball no local data for uri-js@https://registry.npmjs.org/uri-js/-/uri-js-4.4.1.tgz. Extracting by manifest.
1393 silly tarball no local data for json-schema-traverse@https://registry.npmjs.org/json-schema-traverse/-/json-schema-traverse-0.4.1.tgz. Extracting by manifest.
1394 silly tarball no local data for fast-json-stable-stringify@https://registry.npmjs.org/fast-json-stable-stringify/-/fast-json-stable-stringify-2.1.0.tgz. Extracting by manifest.
1395 silly tarball no local data for @humanfs/core@https://registry.npmjs.org/@humanfs/core/-/core-0.19.1.tgz. Extracting by manifest.
1396 silly tarball no local data for levn@https://registry.npmjs.org/levn/-/levn-0.4.1.tgz. Extracting by manifest.
1397 silly tarball no local data for import-fresh@https://registry.npmjs.org/import-fresh/-/import-fresh-3.3.1.tgz. Extracting by manifest.
1398 silly tarball no local data for strip-json-comments@https://registry.npmjs.org/strip-json-comments/-/strip-json-comments-3.1.1.tgz. Extracting by manifest.
1399 silly tarball no local data for globals@https://registry.npmjs.org/globals/-/globals-14.0.0.tgz. Extracting by manifest.
1400 silly tarball no local data for js-yaml@https://registry.npmjs.org/js-yaml/-/js-yaml-4.1.1.tgz. Extracting by manifest.
1401 silly tarball no local data for @types/json-schema@https://registry.npmjs.org/@types/json-schema/-/json-schema-7.0.15.tgz. Extracting by manifest.
1402 silly tarball no local data for @eslint/object-schema@https://registry.npmjs.org/@eslint/object-schema/-/object-schema-2.1.7.tgz. Extracting by manifest.
1403 silly tarball no local data for natural-compare@https://registry.npmjs.org/natural-compare/-/natural-compare-1.4.0.tgz. Extracting by manifest.
1404 silly tarball no local data for optionator@https://registry.npmjs.org/optionator/-/optionator-0.9.4.tgz. Extracting by manifest.
1405 silly tarball no local data for minimatch@https://registry.npmjs.org/minimatch/-/minimatch-3.1.2.tgz. Extracting by manifest.
1406 silly tarball no local data for color-convert@https://registry.npmjs.org/color-convert/-/color-convert-2.0.1.tgz. Extracting by manifest.
1407 silly tarball no local data for is-glob@https://registry.npmjs.org/is-glob/-/is-glob-4.0.3.tgz. Extracting by manifest.
1408 silly tarball no local data for imurmurhash@https://registry.npmjs.org/imurmurhash/-/imurmurhash-0.1.4.tgz. Extracting by manifest.
1409 silly tarball no local data for ignore@https://registry.npmjs.org/ignore/-/ignore-5.3.2.tgz. Extracting by manifest.
1410 silly tarball no local data for find-up@https://registry.npmjs.org/find-up/-/find-up-5.0.0.tgz. Extracting by manifest.
1411 silly tarball no local data for lodash.merge@https://registry.npmjs.org/lodash.merge/-/lodash.merge-4.6.2.tgz. Extracting by manifest.
1412 silly tarball no local data for glob-parent@https://registry.npmjs.org/glob-parent/-/glob-parent-6.0.2.tgz. Extracting by manifest.
1413 silly tarball no local data for json-stable-stringify-without-jsonify@https://registry.npmjs.org/json-stable-stringify-without-jsonify/-/json-stable-stringify-without-jsonify-1.0.1.tgz. Extracting by manifest.
1414 silly tarball no local data for file-entry-cache@https://registry.npmjs.org/file-entry-cache/-/file-entry-cache-8.0.0.tgz. Extracting by manifest.
1415 silly tarball no local data for fast-deep-equal@https://registry.npmjs.org/fast-deep-equal/-/fast-deep-equal-3.1.3.tgz. Extracting by manifest.
1416 silly tarball no local data for esutils@https://registry.npmjs.org/esutils/-/esutils-2.0.3.tgz. Extracting by manifest.
1417 silly tarball no local data for espree@https://registry.npmjs.org/espree/-/espree-10.4.0.tgz. Extracting by manifest.
1418 silly tarball no local data for eslint-visitor-keys@https://registry.npmjs.org/eslint-visitor-keys/-/eslint-visitor-keys-4.2.1.tgz. Extracting by manifest.
1419 silly tarball no local data for eslint-scope@https://registry.npmjs.org/eslint-scope/-/eslint-scope-8.4.0.tgz. Extracting by manifest.
1420 silly tarball no local data for escape-string-regexp@https://registry.npmjs.org/escape-string-regexp/-/escape-string-regexp-4.0.0.tgz. Extracting by manifest.
1421 silly tarball no local data for cross-spawn@https://registry.npmjs.org/cross-spawn/-/cross-spawn-7.0.6.tgz. Extracting by manifest.
1422 silly tarball no local data for chalk@https://registry.npmjs.org/chalk/-/chalk-4.1.2.tgz. Extracting by manifest.
1423 silly tarball no local data for ajv@https://registry.npmjs.org/ajv/-/ajv-6.12.6.tgz. Extracting by manifest.
1424 silly tarball no local data for @types/estree@https://registry.npmjs.org/@types/estree/-/estree-1.0.8.tgz. Extracting by manifest.
1425 silly tarball no local data for @humanwhocodes/retry@https://registry.npmjs.org/@humanwhocodes/retry/-/retry-0.4.3.tgz. Extracting by manifest.
1426 silly tarball no local data for @humanwhocodes/module-importer@https://registry.npmjs.org/@humanwhocodes/module-importer/-/module-importer-1.0.1.tgz. Extracting by manifest.
1427 silly tarball no local data for @humanfs/node@https://registry.npmjs.org/@humanfs/node/-/node-0.16.7.tgz. Extracting by manifest.
1428 silly tarball no local data for @eslint/plugin-kit@https://registry.npmjs.org/@eslint/plugin-kit/-/plugin-kit-0.4.1.tgz. Extracting by manifest.
1429 silly tarball no local data for @eslint/js@https://registry.npmjs.org/@eslint/js/-/js-9.39.1.tgz. Extracting by manifest.
1430 silly tarball no local data for @eslint/core@https://registry.npmjs.org/@eslint/core/-/core-0.17.0.tgz. Extracting by manifest.
1431 silly tarball no local data for @eslint/eslintrc@https://registry.npmjs.org/@eslint/eslintrc/-/eslintrc-3.3.1.tgz. Extracting by manifest.
1432 silly tarball no local data for @eslint/config-helpers@https://registry.npmjs.org/@eslint/config-helpers/-/config-helpers-0.4.2.tgz. Extracting by manifest.
1433 silly tarball no local data for @eslint/config-array@https://registry.npmjs.org/@eslint/config-array/-/config-array-0.21.1.tgz. Extracting by manifest.
1434 silly tarball no local data for @eslint-community/regexpp@https://registry.npmjs.org/@eslint-community/regexpp/-/regexpp-4.12.2.tgz. Extracting by manifest.
1435 silly tarball no local data for ms@https://registry.npmjs.org/ms/-/ms-2.1.3.tgz. Extracting by manifest.
1436 silly tarball no local data for @eslint-community/eslint-utils@https://registry.npmjs.org/@eslint-community/eslint-utils/-/eslint-utils-4.9.0.tgz. Extracting by manifest.
1437 silly tarball no local data for update-browserslist-db@https://registry.npmjs.org/update-browserslist-db/-/update-browserslist-db-1.1.4.tgz. Extracting by manifest.
1438 silly tarball no local data for node-releases@https://registry.npmjs.org/node-releases/-/node-releases-2.0.27.tgz. Extracting by manifest.
1439 silly tarball no local data for caniuse-lite@https://registry.npmjs.org/caniuse-lite/-/caniuse-lite-1.0.30001754.tgz. Extracting by manifest.
1440 silly tarball no local data for baseline-browser-mapping@https://registry.npmjs.org/baseline-browser-mapping/-/baseline-browser-mapping-2.8.28.tgz. Extracting by manifest.
1441 silly tarball no local data for electron-to-chromium@https://registry.npmjs.org/electron-to-chromium/-/electron-to-chromium-1.5.252.tgz. Extracting by manifest.
1442 silly tarball no local data for @types/babel__traverse@https://registry.npmjs.org/@types/babel__traverse/-/babel__traverse-7.28.0.tgz. Extracting by manifest.
1443 silly tarball no local data for @types/babel__template@https://registry.npmjs.org/@types/babel__template/-/babel__template-7.4.4.tgz. Extracting by manifest.
1444 silly tarball no local data for @types/babel__generator@https://registry.npmjs.org/@types/babel__generator/-/babel__generator-7.27.0.tgz. Extracting by manifest.
1445 silly tarball no local data for @jridgewell/resolve-uri@https://registry.npmjs.org/@jridgewell/resolve-uri/-/resolve-uri-3.1.2.tgz. Extracting by manifest.
1446 silly tarball no local data for @jridgewell/sourcemap-codec@https://registry.npmjs.org/@jridgewell/sourcemap-codec/-/sourcemap-codec-1.5.5.tgz. Extracting by manifest.
1447 silly tarball no local data for @babel/helper-string-parser@https://registry.npmjs.org/@babel/helper-string-parser/-/helper-string-parser-7.27.1.tgz. Extracting by manifest.
1448 silly tarball no local data for @babel/helper-globals@https://registry.npmjs.org/@babel/helper-globals/-/helper-globals-7.28.0.tgz. Extracting by manifest.
1449 silly tarball no local data for @babel/helper-plugin-utils@https://registry.npmjs.org/@babel/helper-plugin-utils/-/helper-plugin-utils-7.27.1.tgz. Extracting by manifest.
1450 silly tarball no local data for @babel/helper-module-imports@https://registry.npmjs.org/@babel/helper-module-imports/-/helper-module-imports-7.27.1.tgz. Extracting by manifest.
1451 silly tarball no local data for lru-cache@https://registry.npmjs.org/lru-cache/-/lru-cache-5.1.1.tgz. Extracting by manifest.
1452 silly tarball no local data for browserslist@https://registry.npmjs.org/browserslist/-/browserslist-4.28.0.tgz. Extracting by manifest.
1453 silly tarball no local data for esquery@https://registry.npmjs.org/esquery/-/esquery-1.6.0.tgz. Extracting by manifest.
1454 silly tarball no local data for @babel/compat-data@https://registry.npmjs.org/@babel/compat-data/-/compat-data-7.28.5.tgz. Extracting by manifest.
1455 silly tarball no local data for jsesc@https://registry.npmjs.org/jsesc/-/jsesc-3.1.0.tgz. Extracting by manifest.
1456 silly tarball no local data for @jridgewell/trace-mapping@https://registry.npmjs.org/@jridgewell/trace-mapping/-/trace-mapping-0.3.31.tgz. Extracting by manifest.
1457 silly tarball no local data for @jridgewell/gen-mapping@https://registry.npmjs.org/@jridgewell/gen-mapping/-/gen-mapping-0.3.13.tgz. Extracting by manifest.
1458 silly tarball no local data for picocolors@https://registry.npmjs.org/picocolors/-/picocolors-1.1.1.tgz. Extracting by manifest.
1459 silly tarball no local data for js-tokens@https://registry.npmjs.org/js-tokens/-/js-tokens-4.0.0.tgz. Extracting by manifest.
1460 silly tarball no local data for semver@https://registry.npmjs.org/semver/-/semver-6.3.1.tgz. Extracting by manifest.
1461 silly tarball no local data for @babel/helper-validator-option@https://registry.npmjs.org/@babel/helper-validator-option/-/helper-validator-option-7.27.1.tgz. Extracting by manifest.
1462 silly tarball no local data for gensync@https://registry.npmjs.org/gensync/-/gensync-1.0.0-beta.2.tgz. Extracting by manifest.
1463 silly tarball no local data for @babel/helper-validator-identifier@https://registry.npmjs.org/@babel/helper-validator-identifier/-/helper-validator-identifier-7.28.5.tgz. Extracting by manifest.
1464 silly tarball no local data for debug@https://registry.npmjs.org/debug/-/debug-4.4.3.tgz. Extracting by manifest.
1465 silly tarball no local data for convert-source-map@https://registry.npmjs.org/convert-source-map/-/convert-source-map-2.0.0.tgz. Extracting by manifest.
1466 silly tarball no local data for @babel/types@https://registry.npmjs.org/@babel/types/-/types-7.28.5.tgz. Extracting by manifest.
1467 silly tarball no local data for @babel/traverse@https://registry.npmjs.org/@babel/traverse/-/traverse-7.28.5.tgz. Extracting by manifest.
1468 silly tarball no local data for json5@https://registry.npmjs.org/json5/-/json5-2.2.3.tgz. Extracting by manifest.
1469 silly tarball no local data for @babel/template@https://registry.npmjs.org/@babel/template/-/template-7.27.2.tgz. Extracting by manifest.
1470 silly tarball no local data for @babel/parser@https://registry.npmjs.org/@babel/parser/-/parser-7.28.5.tgz. Extracting by manifest.
1471 silly tarball no local data for @babel/helpers@https://registry.npmjs.org/@babel/helpers/-/helpers-7.28.4.tgz. Extracting by manifest.
1472 silly tarball no local data for @babel/helper-module-transforms@https://registry.npmjs.org/@babel/helper-module-transforms/-/helper-module-transforms-7.28.3.tgz. Extracting by manifest.
1473 silly tarball no local data for @jridgewell/remapping@https://registry.npmjs.org/@jridgewell/remapping/-/remapping-2.3.5.tgz. Extracting by manifest.
1474 silly tarball no local data for @babel/helper-compilation-targets@https://registry.npmjs.org/@babel/helper-compilation-targets/-/helper-compilation-targets-7.27.2.tgz. Extracting by manifest.
1475 silly tarball no local data for @babel/generator@https://registry.npmjs.org/@babel/generator/-/generator-7.28.5.tgz. Extracting by manifest.
1476 silly tarball no local data for @babel/code-frame@https://registry.npmjs.org/@babel/code-frame/-/code-frame-7.27.1.tgz. Extracting by manifest.
1477 silly tarball no local data for @rolldown/pluginutils@https://registry.npmjs.org/@rolldown/pluginutils/-/pluginutils-1.0.0-beta.47.tgz. Extracting by manifest.
1478 silly tarball no local data for @babel/plugin-transform-react-jsx-source@https://registry.npmjs.org/@babel/plugin-transform-react-jsx-source/-/plugin-transform-react-jsx-source-7.27.1.tgz. Extracting by manifest.
1479 silly tarball no local data for @babel/plugin-transform-react-jsx-self@https://registry.npmjs.org/@babel/plugin-transform-react-jsx-self/-/plugin-transform-react-jsx-self-7.27.1.tgz. Extracting by manifest.
1480 silly tarball no local data for @babel/core@https://registry.npmjs.org/@babel/core/-/core-7.28.5.tgz. Extracting by manifest.
1481 silly tarball no local data for vite@https://registry.npmjs.org/vite/-/vite-7.2.2.tgz. Extracting by manifest.
1482 silly tarball no local data for eslint@https://registry.npmjs.org/eslint/-/eslint-9.39.1.tgz. Extracting by manifest.
1483 silly tarball no local data for react-refresh@https://registry.npmjs.org/react-refresh/-/react-refresh-0.18.0.tgz. Extracting by manifest.
1484 silly tarball no local data for @types/babel__core@https://registry.npmjs.org/@types/babel__core/-/babel__core-7.20.5.tgz. Extracting by manifest.
1485 silly tarball no local data for @vitejs/plugin-react@https://registry.npmjs.org/@vitejs/plugin-react/-/plugin-react-5.1.1.tgz. Extracting by manifest.
1486 silly tarball no local data for eslint-visitor-keys@https://registry.npmjs.org/eslint-visitor-keys/-/eslint-visitor-keys-3.4.3.tgz. Extracting by manifest.
1487 http fetch GET 200 https://registry.npmjs.org/isexe/-/isexe-2.0.0.tgz 63ms (cache miss)
1488 http fetch GET 200 https://registry.npmjs.org/tinyglobby/-/tinyglobby-0.2.15.tgz 90ms (cache miss)
1489 http fetch GET 200 https://registry.npmjs.org/nanoid/-/nanoid-3.3.11.tgz 91ms (cache miss)
1490 http fetch GET 200 https://registry.npmjs.org/source-map-js/-/source-map-js-1.2.1.tgz 94ms (cache miss)
1491 http fetch GET 200 https://registry.npmjs.org/has-flag/-/has-flag-4.0.0.tgz 101ms (cache miss)
1492 http fetch GET 200 https://registry.npmjs.org/rollup/-/rollup-4.53.2.tgz 107ms (cache miss)
1493 http fetch GET 200 https://registry.npmjs.org/callsites/-/callsites-3.1.0.tgz 118ms (cache miss)
1494 http fetch GET 200 https://registry.npmjs.org/p-limit/-/p-limit-3.1.0.tgz 137ms (cache miss)
1495 http fetch GET 200 https://registry.npmjs.org/word-wrap/-/word-wrap-1.2.5.tgz 139ms (cache miss)
1496 http fetch GET 200 https://registry.npmjs.org/yocto-queue/-/yocto-queue-0.1.0.tgz 139ms (cache miss)
1497 http fetch GET 200 https://registry.npmjs.org/fast-levenshtein/-/fast-levenshtein-2.0.6.tgz 145ms (cache miss)
1498 http fetch GET 200 https://registry.npmjs.org/punycode/-/punycode-2.3.1.tgz 167ms (cache miss)
1499 http fetch GET 200 https://registry.npmjs.org/escalade/-/escalade-3.2.0.tgz 170ms (cache miss)
1500 http fetch GET 200 https://registry.npmjs.org/esbuild/-/esbuild-0.25.12.tgz 170ms (cache miss)
1501 http fetch GET 200 https://registry.npmjs.org/postcss/-/postcss-8.5.6.tgz 170ms (cache miss)
1502 http fetch GET 200 https://registry.npmjs.org/deep-is/-/deep-is-0.1.4.tgz 178ms (cache miss)
1503 http fetch GET 200 https://registry.npmjs.org/fsevents/-/fsevents-2.3.3.tgz 182ms (cache miss)
1504 http fetch GET 200 https://registry.npmjs.org/concat-map/-/concat-map-0.0.1.tgz 206ms (cache miss)
1505 http fetch GET 200 https://registry.npmjs.org/balanced-match/-/balanced-match-1.0.2.tgz 206ms (cache miss)
1506 http fetch GET 200 https://registry.npmjs.org/brace-expansion/-/brace-expansion-1.1.12.tgz 206ms (cache miss)
1507 http fetch GET 200 https://registry.npmjs.org/fdir/-/fdir-6.5.0.tgz 208ms (cache miss)
1508 http fetch GET 200 https://registry.npmjs.org/picomatch/-/picomatch-4.0.3.tgz 227ms (cache miss)
1509 http fetch GET 200 https://registry.npmjs.org/yallist/-/yallist-3.1.1.tgz 232ms (cache miss)
1510 http fetch GET 200 https://registry.npmjs.org/json-buffer/-/json-buffer-3.0.1.tgz 246ms (cache miss)
1511 http fetch GET 200 https://registry.npmjs.org/prelude-ls/-/prelude-ls-1.2.1.tgz 247ms (cache miss)
1512 http fetch GET 200 https://registry.npmjs.org/type-check/-/type-check-0.4.0.tgz 252ms (cache miss)
1513 http fetch GET 200 https://registry.npmjs.org/p-locate/-/p-locate-5.0.0.tgz 264ms (cache miss)
1514 http fetch GET 200 https://registry.npmjs.org/is-extglob/-/is-extglob-2.1.1.tgz 283ms (cache miss)
1515 http fetch GET 200 https://registry.npmjs.org/resolve-from/-/resolve-from-4.0.0.tgz 283ms (cache miss)
1516 http fetch GET 200 https://registry.npmjs.org/argparse/-/argparse-2.0.1.tgz 283ms (cache miss)
1517 http fetch GET 200 https://registry.npmjs.org/@esbuild/darwin-arm64/-/darwin-arm64-0.25.12.tgz 297ms (cache miss)
1518 http fetch GET 200 https://registry.npmjs.org/parent-module/-/parent-module-1.0.1.tgz 294ms (cache miss)
1519 http fetch GET 200 https://registry.npmjs.org/keyv/-/keyv-4.5.4.tgz 294ms (cache miss)
1520 http fetch GET 200 https://registry.npmjs.org/shebang-regex/-/shebang-regex-3.0.0.tgz 295ms (cache miss)
1521 http fetch GET 200 https://registry.npmjs.org/path-exists/-/path-exists-4.0.0.tgz 295ms (cache miss)
1522 http fetch POST 200 https://registry.npmjs.org/-/npm/v1/security/advisories/bulk 317ms
1523 silly audit report {}
1524 http fetch GET 200 https://registry.npmjs.org/flatted/-/flatted-3.3.3.tgz 296ms (cache miss)
1525 http fetch GET 200 https://registry.npmjs.org/acorn-jsx/-/acorn-jsx-5.3.2.tgz 304ms (cache miss)
1526 http fetch GET 200 https://registry.npmjs.org/flat-cache/-/flat-cache-4.0.1.tgz 318ms (cache miss)
1527 http fetch GET 200 https://registry.npmjs.org/acorn/-/acorn-8.15.0.tgz 326ms (cache miss)
1528 http fetch GET 200 https://registry.npmjs.org/locate-path/-/locate-path-6.0.0.tgz 327ms (cache miss)
1529 http fetch GET 200 https://registry.npmjs.org/esrecurse/-/esrecurse-4.3.0.tgz 326ms (cache miss)
1530 http fetch GET 200 https://registry.npmjs.org/supports-color/-/supports-color-7.2.0.tgz 331ms (cache miss)
1531 http fetch GET 200 https://registry.npmjs.org/shebang-command/-/shebang-command-2.0.0.tgz 336ms (cache miss)
1532 http fetch GET 200 https://registry.npmjs.org/path-key/-/path-key-3.1.1.tgz 337ms (cache miss)
1533 http fetch GET 200 https://registry.npmjs.org/ansi-styles/-/ansi-styles-4.3.0.tgz 337ms (cache miss)
1534 http fetch GET 200 https://registry.npmjs.org/estraverse/-/estraverse-5.3.0.tgz 347ms (cache miss)
1535 http fetch GET 200 https://registry.npmjs.org/which/-/which-2.0.2.tgz 349ms (cache miss)
1536 http fetch GET 200 https://registry.npmjs.org/color-name/-/color-name-1.1.4.tgz 355ms (cache miss)
1537 http fetch GET 200 https://registry.npmjs.org/json-schema-traverse/-/json-schema-traverse-0.4.1.tgz 355ms (cache miss)
1538 http fetch GET 200 https://registry.npmjs.org/uri-js/-/uri-js-4.4.1.tgz 360ms (cache miss)
1539 http fetch GET 200 https://registry.npmjs.org/fast-json-stable-stringify/-/fast-json-stable-stringify-2.1.0.tgz 361ms (cache miss)
1540 http fetch GET 200 https://registry.npmjs.org/strip-json-comments/-/strip-json-comments-3.1.1.tgz 370ms (cache miss)
1541 http fetch GET 200 https://registry.npmjs.org/levn/-/levn-0.4.1.tgz 377ms (cache miss)
1542 http fetch GET 200 https://registry.npmjs.org/import-fresh/-/import-fresh-3.3.1.tgz 379ms (cache miss)
1543 http fetch GET 200 https://registry.npmjs.org/globals/-/globals-14.0.0.tgz 380ms (cache miss)
1544 http fetch GET 200 https://registry.npmjs.org/js-yaml/-/js-yaml-4.1.1.tgz 385ms (cache miss)
1545 http fetch GET 200 https://registry.npmjs.org/minimatch/-/minimatch-3.1.2.tgz 399ms (cache miss)
1546 http fetch GET 200 https://registry.npmjs.org/@humanfs/core/-/core-0.19.1.tgz 404ms (cache miss)
1547 http fetch GET 200 https://registry.npmjs.org/optionator/-/optionator-0.9.4.tgz 403ms (cache miss)
1548 http fetch GET 200 https://registry.npmjs.org/natural-compare/-/natural-compare-1.4.0.tgz 404ms (cache miss)
1549 http fetch GET 200 https://registry.npmjs.org/@eslint/object-schema/-/object-schema-2.1.7.tgz 405ms (cache miss)
1550 http fetch GET 200 https://registry.npmjs.org/is-glob/-/is-glob-4.0.3.tgz 422ms (cache miss)
1551 http fetch GET 200 https://registry.npmjs.org/@types/json-schema/-/json-schema-7.0.15.tgz 422ms (cache miss)
1552 http fetch GET 200 https://registry.npmjs.org/imurmurhash/-/imurmurhash-0.1.4.tgz 439ms (cache miss)
1553 http fetch GET 200 https://registry.npmjs.org/glob-parent/-/glob-parent-6.0.2.tgz 438ms (cache miss)
1554 http fetch GET 200 https://registry.npmjs.org/color-convert/-/color-convert-2.0.1.tgz 439ms (cache miss)
1555 http fetch GET 200 https://registry.npmjs.org/find-up/-/find-up-5.0.0.tgz 440ms (cache miss)
1556 http fetch GET 200 https://registry.npmjs.org/json-stable-stringify-without-jsonify/-/json-stable-stringify-without-jsonify-1.0.1.tgz 439ms (cache miss)
1557 http fetch GET 200 https://registry.npmjs.org/lodash.merge/-/lodash.merge-4.6.2.tgz 440ms (cache miss)
1558 http fetch GET 200 https://registry.npmjs.org/ignore/-/ignore-5.3.2.tgz 441ms (cache miss)
1559 http fetch GET 200 https://registry.npmjs.org/@rollup/rollup-darwin-arm64/-/rollup-darwin-arm64-4.53.2.tgz 448ms (cache miss)
1560 http fetch GET 200 https://registry.npmjs.org/esutils/-/esutils-2.0.3.tgz 443ms (cache miss)
1561 http fetch GET 200 https://registry.npmjs.org/fast-deep-equal/-/fast-deep-equal-3.1.3.tgz 445ms (cache miss)
1562 http fetch GET 200 https://registry.npmjs.org/file-entry-cache/-/file-entry-cache-8.0.0.tgz 466ms (cache miss)
1563 http fetch GET 200 https://registry.npmjs.org/espree/-/espree-10.4.0.tgz 466ms (cache miss)
1564 http fetch GET 200 https://registry.npmjs.org/escape-string-regexp/-/escape-string-regexp-4.0.0.tgz 484ms (cache miss)
1565 http fetch GET 200 https://registry.npmjs.org/eslint-visitor-keys/-/eslint-visitor-keys-4.2.1.tgz 484ms (cache miss)
1566 http fetch GET 200 https://registry.npmjs.org/chalk/-/chalk-4.1.2.tgz 486ms (cache miss)
1567 http fetch GET 200 https://registry.npmjs.org/cross-spawn/-/cross-spawn-7.0.6.tgz 486ms (cache miss)
1568 http fetch GET 200 https://registry.npmjs.org/eslint-scope/-/eslint-scope-8.4.0.tgz 487ms (cache miss)
1569 http fetch GET 200 https://registry.npmjs.org/@types/estree/-/estree-1.0.8.tgz 495ms (cache miss)
1570 http fetch GET 200 https://registry.npmjs.org/@humanwhocodes/retry/-/retry-0.4.3.tgz 496ms (cache miss)
1571 http fetch GET 200 https://registry.npmjs.org/@humanwhocodes/module-importer/-/module-importer-1.0.1.tgz 499ms (cache miss)
1572 http fetch GET 200 https://registry.npmjs.org/ajv/-/ajv-6.12.6.tgz 501ms (cache miss)
1573 http fetch GET 200 https://registry.npmjs.org/@eslint/plugin-kit/-/plugin-kit-0.4.1.tgz 505ms (cache miss)
1574 http fetch GET 200 https://registry.npmjs.org/@eslint/core/-/core-0.17.0.tgz 530ms (cache miss)
1575 http fetch GET 200 https://registry.npmjs.org/@eslint/js/-/js-9.39.1.tgz 531ms (cache miss)
1576 http fetch GET 200 https://registry.npmjs.org/update-browserslist-db/-/update-browserslist-db-1.1.4.tgz 535ms (cache miss)
1577 http fetch GET 200 https://registry.npmjs.org/ms/-/ms-2.1.3.tgz 536ms (cache miss)
1578 http fetch GET 200 https://registry.npmjs.org/@eslint/config-helpers/-/config-helpers-0.4.2.tgz 538ms (cache miss)
1579 http fetch GET 200 https://registry.npmjs.org/baseline-browser-mapping/-/baseline-browser-mapping-2.8.28.tgz 538ms (cache miss)
1580 http fetch GET 200 https://registry.npmjs.org/@eslint/eslintrc/-/eslintrc-3.3.1.tgz 542ms (cache miss)
1581 http fetch GET 200 https://registry.npmjs.org/node-releases/-/node-releases-2.0.27.tgz 544ms (cache miss)
1582 http fetch GET 200 https://registry.npmjs.org/@eslint-community/regexpp/-/regexpp-4.12.2.tgz 552ms (cache miss)
1583 http fetch GET 200 https://registry.npmjs.org/@eslint/config-array/-/config-array-0.21.1.tgz 558ms (cache miss)
1584 http fetch GET 200 https://registry.npmjs.org/electron-to-chromium/-/electron-to-chromium-1.5.252.tgz 557ms (cache miss)
1585 http fetch GET 200 https://registry.npmjs.org/@eslint-community/eslint-utils/-/eslint-utils-4.9.0.tgz 572ms (cache miss)
1586 http fetch GET 200 https://registry.npmjs.org/@types/babel__traverse/-/babel__traverse-7.28.0.tgz 574ms (cache miss)
1587 http fetch GET 200 https://registry.npmjs.org/@humanfs/node/-/node-0.16.7.tgz 577ms (cache miss)
1588 http fetch GET 200 https://registry.npmjs.org/@babel/helper-string-parser/-/helper-string-parser-7.27.1.tgz 587ms (cache miss)
1589 http fetch GET 200 https://registry.npmjs.org/@types/babel__generator/-/babel__generator-7.27.0.tgz 589ms (cache miss)
1590 http fetch GET 200 https://registry.npmjs.org/@types/babel__template/-/babel__template-7.4.4.tgz 594ms (cache miss)
1591 http fetch GET 200 https://registry.npmjs.org/@babel/helper-plugin-utils/-/helper-plugin-utils-7.27.1.tgz 593ms (cache miss)
1592 http fetch GET 200 https://registry.npmjs.org/@jridgewell/resolve-uri/-/resolve-uri-3.1.2.tgz 597ms (cache miss)
1593 http fetch GET 200 https://registry.npmjs.org/@jridgewell/sourcemap-codec/-/sourcemap-codec-1.5.5.tgz 609ms (cache miss)
1594 http fetch GET 200 https://registry.npmjs.org/browserslist/-/browserslist-4.28.0.tgz 613ms (cache miss)
1595 http fetch GET 200 https://registry.npmjs.org/esquery/-/esquery-1.6.0.tgz 615ms (cache miss)
1596 http fetch GET 200 https://registry.npmjs.org/jsesc/-/jsesc-3.1.0.tgz 627ms (cache miss)
1597 http fetch GET 200 https://registry.npmjs.org/@babel/helper-globals/-/helper-globals-7.28.0.tgz 628ms (cache miss)
1598 http fetch GET 200 https://registry.npmjs.org/@babel/helper-module-imports/-/helper-module-imports-7.27.1.tgz 629ms (cache miss)
1599 http fetch GET 200 https://registry.npmjs.org/picocolors/-/picocolors-1.1.1.tgz 637ms (cache miss)
1600 http fetch GET 200 https://registry.npmjs.org/semver/-/semver-6.3.1.tgz 636ms (cache miss)
1601 http fetch GET 200 https://registry.npmjs.org/@babel/compat-data/-/compat-data-7.28.5.tgz 640ms (cache miss)
1602 http fetch GET 200 https://registry.npmjs.org/js-tokens/-/js-tokens-4.0.0.tgz 647ms (cache miss)
1603 http fetch GET 200 https://registry.npmjs.org/lru-cache/-/lru-cache-5.1.1.tgz 650ms (cache miss)
1604 http fetch GET 200 https://registry.npmjs.org/@jridgewell/gen-mapping/-/gen-mapping-0.3.13.tgz 654ms (cache miss)
1605 http fetch GET 200 https://registry.npmjs.org/@jridgewell/trace-mapping/-/trace-mapping-0.3.31.tgz 657ms (cache miss)
1606 http fetch GET 200 https://registry.npmjs.org/gensync/-/gensync-1.0.0-beta.2.tgz 660ms (cache miss)
1607 http fetch GET 200 https://registry.npmjs.org/@babel/helper-validator-option/-/helper-validator-option-7.27.1.tgz 662ms (cache miss)
1608 http fetch GET 200 https://registry.npmjs.org/@babel/helper-validator-identifier/-/helper-validator-identifier-7.28.5.tgz 664ms (cache miss)
1609 http fetch GET 200 https://registry.npmjs.org/debug/-/debug-4.4.3.tgz 665ms (cache miss)
1610 http fetch GET 200 https://registry.npmjs.org/convert-source-map/-/convert-source-map-2.0.0.tgz 665ms (cache miss)
1611 http fetch GET 200 https://registry.npmjs.org/caniuse-lite/-/caniuse-lite-1.0.30001754.tgz 684ms (cache miss)
1612 http fetch GET 200 https://registry.npmjs.org/@babel/traverse/-/traverse-7.28.5.tgz 699ms (cache miss)
1613 http fetch GET 200 https://registry.npmjs.org/json5/-/json5-2.2.3.tgz 703ms (cache miss)
1614 http fetch GET 200 https://registry.npmjs.org/@babel/template/-/template-7.27.2.tgz 724ms (cache miss)
1615 http fetch GET 200 https://registry.npmjs.org/@babel/types/-/types-7.28.5.tgz 738ms (cache miss)
1616 http fetch GET 200 https://registry.npmjs.org/@babel/parser/-/parser-7.28.5.tgz 744ms (cache miss)
1617 http fetch GET 200 https://registry.npmjs.org/@babel/plugin-transform-react-jsx-self/-/plugin-transform-react-jsx-self-7.27.1.tgz 744ms (cache miss)
1618 http fetch GET 200 https://registry.npmjs.org/@babel/code-frame/-/code-frame-7.27.1.tgz 746ms (cache miss)
1619 http fetch GET 200 https://registry.npmjs.org/@babel/helper-compilation-targets/-/helper-compilation-targets-7.27.2.tgz 747ms (cache miss)
1620 http fetch GET 200 https://registry.npmjs.org/@jridgewell/remapping/-/remapping-2.3.5.tgz 748ms (cache miss)
1621 http fetch GET 200 https://registry.npmjs.org/@babel/plugin-transform-react-jsx-source/-/plugin-transform-react-jsx-source-7.27.1.tgz 749ms (cache miss)
1622 http fetch GET 200 https://registry.npmjs.org/@babel/helper-module-transforms/-/helper-module-transforms-7.28.3.tgz 753ms (cache miss)
1623 http fetch GET 200 https://registry.npmjs.org/@babel/generator/-/generator-7.28.5.tgz 759ms (cache miss)
1624 http fetch GET 200 https://registry.npmjs.org/react-refresh/-/react-refresh-0.18.0.tgz 771ms (cache miss)
1625 http fetch GET 200 https://registry.npmjs.org/@babel/helpers/-/helpers-7.28.4.tgz 786ms (cache miss)
1626 http fetch GET 200 https://registry.npmjs.org/@babel/core/-/core-7.28.5.tgz 786ms (cache miss)
1627 http fetch GET 200 https://registry.npmjs.org/vite/-/vite-7.2.2.tgz 791ms (cache miss)
1628 http fetch GET 200 https://registry.npmjs.org/@types/babel__core/-/babel__core-7.20.5.tgz 791ms (cache miss)
1629 http fetch GET 200 https://registry.npmjs.org/eslint-visitor-keys/-/eslint-visitor-keys-3.4.3.tgz 800ms (cache miss)
1630 http fetch GET 200 https://registry.npmjs.org/@vitejs/plugin-react/-/plugin-react-5.1.1.tgz 801ms (cache miss)
1631 http fetch GET 200 https://registry.npmjs.org/eslint/-/eslint-9.39.1.tgz 843ms (cache miss)
1632 http fetch GET 200 https://registry.npmjs.org/@rolldown/pluginutils/-/pluginutils-1.0.0-beta.47.tgz 1515ms (cache miss)
1633 info run fsevents@2.3.3 install node_modules/fsevents node-gyp rebuild
1634 info run fsevents@2.3.3 install { code: 1, signal: null }
1635 verbose reify failed optional dependency /Users/arpitmishra/Desktop/StockTracker/node_modules/fsevents
1636 silly reify mark deleted [ '/Users/arpitmishra/Desktop/StockTracker/node_modules/fsevents' ]
1637 info run esbuild@0.25.12 postinstall node_modules/esbuild node install.js
1638 info run esbuild@0.25.12 postinstall { code: 0, signal: null }
1639 silly ADD node_modules/isexe
1640 silly ADD
1641 silly ADD
1642 silly ADD
1643 silly ADD
1644 silly ADD
1645 silly ADD
1646 silly ADD
1647 silly ADD
1648 silly ADD
1649 silly ADD
1650 silly ADD
1651 silly ADD
1652 silly ADD
1653 silly ADD
1654 silly ADD
1655 silly ADD
1656 silly ADD
1657 silly ADD
1658 silly ADD
1659 silly ADD node_modules/@rollup/rollup-darwin-arm64
1660 silly ADD
1661 silly ADD
1662 silly ADD node_modules/source-map-js
1663 silly ADD node_modules/nanoid
1664 silly ADD
1665 silly ADD
1666 silly ADD
1667 silly ADD
1668 silly ADD
1669 silly ADD
1670 silly ADD
1671 silly ADD
1672 silly ADD
1673 silly ADD
1674 silly ADD
1675 silly ADD
1676 silly ADD
1677 silly ADD
1678 silly ADD
1679 silly ADD
1680 silly ADD
1681 silly ADD
1682 silly ADD
1683 silly ADD
1684 silly ADD
1685 silly ADD node_modules/@esbuild/darwin-arm64
1686 silly ADD
1687 silly ADD
1688 silly ADD
1689 silly ADD
1690 silly ADD node_modules/tinyglobby
1691 silly ADD node_modules/rollup
1692 silly ADD node_modules/postcss
1693 silly ADD node_modules/picomatch
1694 silly ADD
1695 silly ADD node_modules/fdir
1696 silly ADD node_modules/esbuild
1697 silly ADD node_modules/punycode
1698 silly ADD node_modules/escalade
1699 silly ADD node_modules/has-flag
1700 silly ADD node_modules/shebang-regex
1701 silly ADD node_modules/callsites
1702 silly ADD node_modules/yocto-queue
1703 silly ADD node_modules/p-limit
1704 silly ADD node_modules/word-wrap
1705 silly ADD node_modules/fast-levenshtein
1706 silly ADD node_modules/deep-is
1707 silly ADD node_modules/concat-map
1708 silly ADD node_modules/balanced-match
1709 silly ADD node_modules/brace-expansion
1710 silly ADD node_modules/yallist
1711 silly ADD node_modules/p-locate
1712 silly ADD node_modules/type-check
1713 silly ADD node_modules/prelude-ls
1714 silly ADD node_modules/json-buffer
1715 silly ADD node_modules/argparse
1716 silly ADD node_modules/is-extglob
1717 silly ADD node_modules/resolve-from
1718 silly ADD node_modules/parent-module
1719 silly ADD node_modules/keyv
1720 silly ADD node_modules/flatted
1721 silly ADD node_modules/path-exists
1722 silly ADD node_modules/locate-path
1723 silly ADD node_modules/flat-cache
1724 silly ADD node_modules/acorn-jsx
1725 silly ADD node_modules/acorn
1726 silly ADD node_modules/estraverse
1727 silly ADD node_modules/esrecurse
1728 silly ADD node_modules/which
1729 silly ADD node_modules/shebang-command
1730 silly ADD node_modules/path-key
1731 silly ADD node_modules/color-name
1732 silly ADD node_modules/color-convert
1733 silly ADD node_modules/supports-color
1734 silly ADD node_modules/ansi-styles
1735 silly ADD node_modules/uri-js
1736 silly ADD node_modules/json-schema-traverse
1737 silly ADD node_modules/fast-json-stable-stringify
1738 silly ADD node_modules/@humanfs/core
1739 silly ADD node_modules/levn
1740 silly ADD node_modules/strip-json-comments
1741 silly ADD node_modules/js-yaml
1742 silly ADD node_modules/import-fresh
1743 silly ADD node_modules/globals
1744 silly ADD node_modules/@types/json-schema
1745 silly ADD node_modules/@eslint/object-schema
1746 silly ADD node_modules/optionator
1747 silly ADD node_modules/natural-compare
1748 silly ADD node_modules/minimatch
1749 silly ADD node_modules/lodash.merge
1750 silly ADD node_modules/json-stable-stringify-without-jsonify
1751 silly ADD node_modules/is-glob
1752 silly ADD node_modules/imurmurhash
1753 silly ADD node_modules/ignore
1754 silly ADD node_modules/glob-parent
1755 silly ADD node_modules/find-up
1756 silly ADD node_modules/file-entry-cache
1757 silly ADD node_modules/fast-deep-equal
1758 silly ADD node_modules/esutils
1759 silly ADD node_modules/esquery
1760 silly ADD node_modules/espree
1761 silly ADD node_modules/eslint-visitor-keys
1762 silly ADD node_modules/eslint-scope
1763 silly ADD node_modules/escape-string-regexp
1764 silly ADD node_modules/cross-spawn
1765 silly ADD node_modules/chalk
1766 silly ADD node_modules/ajv
1767 silly ADD node_modules/@types/estree
1768 silly ADD node_modules/@humanwhocodes/retry
1769 silly ADD node_modules/@humanwhocodes/module-importer
1770 silly ADD node_modules/@humanfs/node
1771 silly ADD node_modules/@eslint/plugin-kit
1772 silly ADD node_modules/@eslint/js
1773 silly ADD node_modules/@eslint/eslintrc
1774 silly ADD node_modules/@eslint/core
1775 silly ADD node_modules/@eslint/config-helpers
1776 silly ADD node_modules/@eslint/config-array
1777 silly ADD node_modules/@eslint-community/regexpp
1778 silly ADD node_modules/@eslint-community/eslint-utils
1779 silly ADD node_modules/@eslint-community/eslint-utils/node_modules/eslint-visitor-keys
1780 silly ADD node_modules/ms
1781 silly ADD node_modules/update-browserslist-db
1782 silly ADD node_modules/node-releases
1783 silly ADD node_modules/electron-to-chromium
1784 silly ADD node_modules/caniuse-lite
1785 silly ADD node_modules/baseline-browser-mapping
1786 silly ADD node_modules/@types/babel__traverse
1787 silly ADD node_modules/@types/babel__template
1788 silly ADD node_modules/@types/babel__generator
1789 silly ADD node_modules/@jridgewell/resolve-uri
1790 silly ADD node_modules/@jridgewell/sourcemap-codec
1791 silly ADD node_modules/@babel/helper-string-parser
1792 silly ADD node_modules/@babel/helper-globals
1793 silly ADD node_modules/@babel/helper-plugin-utils
1794 silly ADD node_modules/@babel/helper-module-imports
1795 silly ADD node_modules/lru-cache
1796 silly ADD node_modules/browserslist
1797 silly ADD node_modules/@babel/helper-validator-option
1798 silly ADD node_modules/@babel/compat-data
1799 silly ADD node_modules/jsesc
1800 silly ADD node_modules/@jridgewell/trace-mapping
1801 silly ADD node_modules/@jridgewell/gen-mapping
1802 silly ADD node_modules/picocolors
1803 silly ADD node_modules/js-tokens
1804 silly ADD node_modules/@babel/helper-validator-identifier
1805 silly ADD node_modules/semver
1806 silly ADD node_modules/json5
1807 silly ADD node_modules/gensync
1808 silly ADD node_modules/debug
1809 silly ADD node_modules/convert-source-map
1810 silly ADD node_modules/@jridgewell/remapping
1811 silly ADD node_modules/@babel/types
1812 silly ADD node_modules/@babel/traverse
1813 silly ADD node_modules/@babel/template
1814 silly ADD node_modules/@babel/parser
1815 silly ADD node_modules/@babel/helpers
1816 silly ADD node_modules/@babel/helper-module-transforms
1817 silly ADD node_modules/@babel/helper-compilation-targets
1818 silly ADD node_modules/@babel/generator
1819 silly ADD node_modules/@babel/code-frame
1820 silly ADD node_modules/react-refresh
1821 silly ADD node_modules/@types/babel__core
1822 silly ADD node_modules/@rolldown/pluginutils
1823 silly ADD node_modules/@babel/plugin-transform-react-jsx-source
1824 silly ADD node_modules/@babel/plugin-transform-react-jsx-self
1825 silly ADD node_modules/@babel/core
1826 silly ADD node_modules/vite
1827 silly ADD node_modules/eslint
1828 silly ADD node_modules/@vitejs/plugin-react
1829 verbose cwd /Users/arpitmishra/Desktop/StockTracker
1830 verbose os Darwin 25.0.0
1831 verbose node v23.11.0
1832 verbose npm  v10.9.2
1833 verbose exit 0
1834 info ok
